,cycle_id,ekor,total_seed,total_seed_type,sr%
0,17125,1,188.0,0,0.0005319148936170213
1,26058,4,148.007,0,0.0027025748782152194
2,26058,5,148.007,0,0.003378218597769024
3,26058,11,148.007,0,0.0074320809150918545
4,26058,17,148.007,0,0.011485943232414683
5,26058,15,148.007,0,0.010134655793307074
6,26058,26,148.007,0,0.017566736708398926
7,26058,42,148.007,0,0.028377036221259803
8,26058,4,148.007,0,0.0027025748782152194
9,26058,5,148.007,0,0.003378218597769024
10,26058,11,148.007,0,0.0074320809150918545
11,26058,17,148.007,0,0.011485943232414683
12,26058,15,148.007,0,0.010134655793307074
13,26058,26,148.007,0,0.017566736708398926
14,26058,42,148.007,0,0.028377036221259803
15,18732,10,436.32,1,0.0022918958562522917
16,16799,9,100.0,0,0.009000000000000001
17,16799,2,100.0,0,0.002
18,24693,3,238.59,1,0.001257387149503332
19,24693,5,238.59,1,0.0020956452491722203
20,24693,7,238.59,1,0.002933903348841108
21,24693,8,238.59,1,0.003353032398675552
22,24693,13,238.59,1,0.005448677647847772
23,24693,1,238.59,1,0.000419129049834444
24,18237,6,80.0,0,0.0075
25,27325,0,100.0,0,0.0
26,27325,0,100.0,0,0.0
27,18404,1,135.0,0,0.0007407407407407407
28,17625,0,81.561,1,0.0
29,17625,2,81.561,1,0.0024521523767486912
30,17625,2,81.561,1,0.0024521523767486912
31,17625,0,81.561,1,0.0
32,20982,3,208.898,0,0.0014361075740313453
33,20982,3,208.898,0,0.0014361075740313453
34,20982,7,208.898,0,0.0033509176727398063
35,20982,43,208.898,0,0.020584208561115952
36,23123,7,199.708,0,0.003505117471508402
37,23123,0,199.708,0,0.0
38,20615,10,240.0,0,0.004166666666666667
39,26062,3,110.631,0,0.00271171733058546
40,26062,3,110.631,0,0.00271171733058546
41,26062,4,110.631,0,0.00361562310744728
42,26062,19,110.631,0,0.01717420976037458
43,26062,53,110.631,0,0.04790700617367646
44,26062,3,110.631,0,0.00271171733058546
45,26062,3,110.631,0,0.00271171733058546
46,26062,4,110.631,0,0.00361562310744728
47,26062,19,110.631,0,0.01717420976037458
48,26062,53,110.631,0,0.04790700617367646
49,16483,2,60.0,0,0.0033333333333333335
50,19484,7,200.0,0,0.0034999999999999996
51,19484,0,200.0,0,0.0
52,19484,15,200.0,0,0.0075
53,19484,43,200.0,0,0.0215
54,19484,2,200.0,0,0.001
55,27558,0,100.0,0,0.0
56,27558,1,100.0,0,0.001
57,27558,1,100.0,0,0.001
58,27558,2,100.0,0,0.002
59,27558,3,100.0,0,0.003
60,27558,4,100.0,0,0.004
61,27558,22,100.0,0,0.022000000000000002
62,25581,0,25.5,0,0.0
63,14437,6,114.0,1,0.005263157894736842
64,14437,0,114.0,1,0.0
65,14437,0,114.0,1,0.0
66,14437,7,114.0,1,0.0061403508771929825
67,14437,1,114.0,1,0.0008771929824561403
68,14437,0,114.0,1,0.0
69,14437,8,114.0,1,0.007017543859649122
70,14437,0,114.0,1,0.0
71,14437,0,114.0,1,0.0
72,14437,0,114.0,1,0.0
73,14437,0,114.0,1,0.0
74,14437,1,114.0,1,0.0008771929824561403
75,14437,1,114.0,1,0.0008771929824561403
76,14437,0,114.0,1,0.0
77,16272,2,85.0,0,0.0023529411764705885
78,19247,7,270.0,0,0.0025925925925925925
79,19247,0,270.0,0,0.0
80,19247,19,270.0,0,0.007037037037037036
81,19247,2,270.0,0,0.0007407407407407407
82,19247,0,270.0,0,0.0
83,18831,1,270.0,0,0.00037037037037037035
84,18831,0,270.0,0,0.0
85,18831,1,270.0,0,0.00037037037037037035
86,16398,0,40.0,gross,0.0
87,16800,7,75.0,0,0.009333333333333332
88,16800,1,75.0,0,0.0013333333333333333
89,22023,0,75.0,gross,0.0
90,22023,1,75.0,gross,0.0013333333333333333
91,22023,0,75.0,gross,0.0
92,22023,8,75.0,gross,0.010666666666666666
93,20975,3,213.92,0,0.0014023934181002244
94,20975,5,213.92,0,0.002337322363500374
95,20975,8,213.92,0,0.0037397157816005987
96,20975,49,213.92,0,0.022905759162303665
97,24694,3,232.083,1,0.0012926409948165096
98,24694,7,232.083,1,0.0030161623212385225
99,24694,3,232.083,1,0.0012926409948165096
100,24694,3,232.083,1,0.0012926409948165096
101,24694,13,232.083,1,0.005601444310871542
102,24694,9,232.083,1,0.0038779229844495286
103,24694,12,232.083,1,0.0051705639792660385
104,24694,13,232.083,1,0.005601444310871542
105,16267,4,130.0,0,0.003076923076923077
106,25552,2,45.0,0,0.0044444444444444444
107,18036,5,200.0,0,0.0025
108,18036,5,200.0,0,0.0025
109,18036,3,200.0,0,0.0015
110,18036,9,200.0,0,0.0045000000000000005
111,29124,0,20.0,0,0.0
112,18133,2,112.56,1,0.0017768301350390902
113,18133,0,112.56,1,0.0
114,18403,35,200.0,0,0.017499999999999998
115,18403,0,200.0,0,0.0
116,24775,3,224.208,1,0.0013380432455576965
117,24775,1,224.208,1,0.00044601441518589885
118,24775,5,224.208,1,0.002230072075929494
119,24775,4,224.208,1,0.0017840576607435954
120,24775,2,224.208,1,0.0008920288303717977
121,24775,3,224.208,1,0.0013380432455576965
122,29130,0,40.0,0,0.0
123,19070,3,315.0,1,0.0009523809523809523
124,19070,6,315.0,1,0.0019047619047619045
125,19070,0,315.0,1,0.0
126,19070,13,315.0,1,0.004126984126984127
127,19070,0,315.0,1,0.0
128,16755,14,125.0,0,0.0112
129,17201,1,200.0,0,0.0005
130,18424,9,200.0,0,0.0045000000000000005
131,18424,6,200.0,0,0.003
132,22688,0,46.0,gross,0.0
133,22688,1,46.0,gross,0.002173913043478261
134,22688,4,46.0,gross,0.008695652173913044
135,22688,0,46.0,gross,0.0
136,22688,0,46.0,gross,0.0
137,29597,8,400.0,0,0.002
138,27556,1,500.0,0,0.00019999999999999998
139,27556,1,500.0,0,0.00019999999999999998
140,27556,2,500.0,0,0.00039999999999999996
141,27556,4,500.0,0,0.0007999999999999999
142,27556,5,500.0,0,0.001
143,27556,8,500.0,0,0.0015999999999999999
144,27556,14,500.0,0,0.0028
145,27904,0,30.0,0,0.0
146,20990,20,255.84,0,0.007817385866166354
147,17627,5,110.502,1,0.004524804980905323
148,17627,0,110.502,1,0.0
149,25579,0,25.5,0,0.0
150,28943,3,287.147,1,0.0010447610457361561
151,28943,0,287.147,1,0.0
152,28943,16,287.147,1,0.005572058910592832
153,28943,0,287.147,1,0.0
154,22068,1,125.0,gross,0.0007999999999999999
155,16323,3,250.0,0,0.0012000000000000001
156,16323,5,250.0,0,0.002
157,16323,7,250.0,0,0.0028
158,16323,10,250.0,0,0.004
159,27000,1,250.0,0,0.00039999999999999996
160,15983,14,180.0,0,0.007777777777777778
161,15983,2,180.0,0,0.0011111111111111111
162,19238,2,210.0,0,0.0009523809523809523
163,19238,4,210.0,0,0.0019047619047619045
164,18466,16,180.0,0,0.008888888888888889
165,27146,0,160.0,1,0.0
166,27146,4,160.0,1,0.0025
167,13117,1,250.0,gross,0.00039999999999999996
168,13117,1,250.0,gross,0.00039999999999999996
169,27387,0,50.0,0,0.0
170,27387,0,50.0,0,0.0
171,20978,1,290.4,0,0.0003443526170798898
172,20978,4,290.4,0,0.0013774104683195593
173,20978,7,290.4,0,0.0024104683195592287
174,20978,7,290.4,0,0.0024104683195592287
175,20978,58,290.4,0,0.01997245179063361
176,18140,2,150.0,0,0.0013333333333333333
177,18140,1,150.0,0,0.0006666666666666666
178,18140,0,150.0,0,0.0
179,15941,6,110.0,0,0.005454545454545455
180,20616,8,240.0,0,0.0033333333333333335
181,18545,0,25.0,1,0.0
182,23735,15,277.75,1,0.0054005400540054005
183,23735,0,277.75,1,0.0
184,23735,30,277.75,1,0.010801080108010801
185,23735,1,277.75,1,0.00036003600360036
186,29659,0,75.0,0,0.0
187,17537,1,100.0,0,0.001
188,27650,2,100.0,0,0.002
189,18253,7,250.0,0,0.0028
190,18324,0,125.0,0,0.0
191,14576,1,420.0,1,0.00023809523809523807
192,14576,6,420.0,1,0.0014285714285714286
193,14576,8,420.0,1,0.0019047619047619045
194,14576,1,420.0,1,0.00023809523809523807
195,14576,8,420.0,1,0.0019047619047619045
196,14576,0,420.0,1,0.0
197,28476,0,120.0,1,0.0
198,28476,0,120.0,1,0.0
199,28476,0,120.0,1,0.0
200,29452,0,150.0,0,0.0
201,29452,1,150.0,0,0.0006666666666666666
202,29452,2,150.0,0,0.0013333333333333333
203,19253,2,300.0,0,0.0006666666666666666
204,19253,4,300.0,0,0.0013333333333333333
205,19253,0,300.0,0,0.0
206,18427,1,80.0,0,0.00125
207,19871,0,180.0,1,0.0
208,19871,0,180.0,1,0.0
209,19871,0,180.0,1,0.0
210,19871,0,180.0,1,0.0
211,19871,0,180.0,1,0.0
212,19871,0,180.0,1,0.0
213,19871,0,180.0,1,0.0
214,19871,16,180.0,1,0.008888888888888889
215,19871,0,180.0,1,0.0
216,19871,0,180.0,1,0.0
217,19871,0,180.0,1,0.0
218,25143,20,537.209,1,0.0037229458181080363
219,25143,99,537.209,1,0.018428581799634778
220,27604,0,70.0,0,0.0
221,27604,0,70.0,0,0.0
222,27604,1,70.0,0,0.0014285714285714286
223,27960,1,110.0,0,0.0009090909090909091
224,27960,9,110.0,0,0.008181818181818182
225,27960,0,110.0,0,0.0
226,20150,2,240.0,0,0.0008333333333333334
227,20150,14,240.0,0,0.005833333333333334
228,20150,0,240.0,0,0.0
229,20150,0,240.0,0,0.0
230,29450,3,195.0,0,0.0015384615384615385
231,29450,2,195.0,0,0.0010256410256410256
232,27461,6,125.0,0,0.0048000000000000004
233,27461,9,125.0,0,0.0072
234,27461,41,125.0,0,0.0328
235,27461,12,125.0,0,0.009600000000000001
236,24777,2,226.284,1,0.0008838450796344417
237,24777,0,226.284,1,0.0
238,24777,7,226.284,1,0.0030934577787205455
239,24777,11,226.284,1,0.00486114793798943
240,24777,8,226.284,1,0.0035353803185377668
241,24777,16,226.284,1,0.0070707606370755335
242,24777,4,226.284,1,0.0017676901592688834
243,25585,0,32.0,0,0.0
244,26775,0,120.0,0,0.0
245,27773,3,300.0,0,0.001
246,18734,11,468.64,1,0.0023472174803687265
247,23121,36,199.708,0,0.018026318424900354
248,23121,0,199.708,0,0.0
249,27205,2,125.0,0,0.0015999999999999999
250,27205,1,125.0,0,0.0007999999999999999
251,27205,1,125.0,0,0.0007999999999999999
252,27205,1,125.0,0,0.0007999999999999999
253,27205,2,125.0,0,0.0015999999999999999
254,27205,1,125.0,0,0.0007999999999999999
255,20977,6,213.287,0,0.0028131109725393483
256,20977,10,213.287,0,0.004688518287565581
257,20977,9,213.287,0,0.004219666458809023
258,20977,84,213.287,0,0.039383553615550876
259,20610,1,240.0,0,0.0004166666666666667
260,20610,7,240.0,0,0.002916666666666667
261,20610,0,240.0,0,0.0
262,19072,3,315.0,1,0.0009523809523809523
263,19072,0,315.0,1,0.0
264,19072,7,315.0,1,0.0022222222222222222
265,19072,0,315.0,1,0.0
266,19072,23,315.0,1,0.007301587301587302
267,19072,0,315.0,1,0.0
268,24574,9,153.192,0,0.005874980416731944
269,24574,1,153.192,0,0.000652775601859105
270,15940,0,180.0,gross,0.0
271,17032,0,35.1,0,0.0
272,17032,0,35.1,0,0.0
273,17032,9,35.1,0,0.02564102564102564
274,27020,0,140.0,0,0.0
275,19296,3,312.016,1,0.0009614891544023384
276,19296,3,312.016,1,0.0009614891544023384
277,19296,0,312.016,1,0.0
278,19296,0,312.016,1,0.0
279,19296,0,312.016,1,0.0
280,19296,0,312.016,1,0.0
281,19296,14,312.016,1,0.004486949387210912
282,19296,0,312.016,1,0.0
283,19296,1,312.016,1,0.00032049638480077943
284,19296,0,312.016,1,0.0
285,27327,2,150.0,0,0.0013333333333333333
286,27327,9,150.0,0,0.006
287,18726,7,457.488,0,0.0015300947784422762
288,18749,7,332.526,1,0.002105098548684915
289,25442,0,45.0,0,0.0
290,16090,0,20.0,0,0.0
291,18129,2,123.816,1,0.0016153001227628093
292,18129,0,123.816,1,0.0
293,24685,1,95.436,1,0.0010478226245861102
294,24685,2,95.436,1,0.0020956452491722203
295,24685,2,95.436,1,0.0020956452491722203
296,24685,8,95.436,1,0.008382580996688881
297,24685,29,95.436,1,0.030386856112997192
298,27386,1,50.0,0,0.002
299,27386,1,50.0,0,0.002
300,19066,3,315.0,1,0.0009523809523809523
301,19066,0,315.0,1,0.0
302,19066,0,315.0,1,0.0
303,16142,1,147.0,1,0.0006802721088435375
304,16142,1,147.0,1,0.0006802721088435375
305,27903,1,100.0,0,0.001
306,27903,1,100.0,0,0.001
307,20976,6,206.332,0,0.0029079347847158947
308,20976,10,206.332,0,0.004846557974526491
309,20976,10,206.332,0,0.004846557974526491
310,20976,74,206.332,0,0.03586452901149604
311,27609,0,250.0,0,0.0
312,27609,1,250.0,0,0.00039999999999999996
313,18467,4,147.0,0,0.00272108843537415
314,24776,3,226.284,1,0.0013257676194516625
315,24776,2,226.284,1,0.0008838450796344417
316,24776,4,226.284,1,0.0017676901592688834
317,24776,2,226.284,1,0.0008838450796344417
318,24776,8,226.284,1,0.0035353803185377668
319,24776,2,226.284,1,0.0008838450796344417
320,22318,1,50.0,1,0.002
321,22318,1,50.0,1,0.002
322,22318,1,50.0,1,0.002
323,22318,2,50.0,1,0.004
324,22318,3,50.0,1,0.006
325,22318,3,50.0,1,0.006
326,22318,0,50.0,1,0.0
327,23732,23,377.74,1,0.006088844178535501
328,23732,0,377.74,1,0.0
329,23732,43,377.74,1,0.011383491290305501
330,23732,0,377.74,1,0.0
331,16006,9,150.0,0,0.006
332,16006,18,150.0,0,0.012
333,18249,0,70.0,0,0.0
334,19671,5,192.0,1,0.002604166666666667
335,19671,0,192.0,1,0.0
336,19671,18,192.0,1,0.009375
337,19671,0,192.0,1,0.0
338,19671,1,192.0,1,0.0005208333333333333
339,19671,0,192.0,1,0.0
340,19671,0,192.0,1,0.0
341,19671,0,192.0,1,0.0
342,16130,0,10.0,gross,0.0
343,23122,36,199.708,0,0.018026318424900354
344,23122,0,199.708,0,0.0
345,18407,2,135.0,0,0.0014814814814814814
346,24691,3,266.787,1,0.001124492572726557
347,24691,6,266.787,1,0.002248985145453114
348,24691,4,266.787,1,0.0014993234303020762
349,24691,8,266.787,1,0.0029986468606041524
350,24691,11,266.787,1,0.0041231394333307095
351,24691,61,266.787,1,0.02286468231210666
352,24691,0,266.787,1,0.0
353,27150,3,80.0,1,0.00375
354,27150,0,80.0,1,0.0
355,20981,3,257.034,0,0.001167160764723733
356,20981,6,257.034,0,0.002334321529447466
357,20981,8,257.034,0,0.003112428705929955
358,20981,62,257.034,0,0.02412132247095715
359,15942,1,75.0,0,0.0013333333333333333
360,17624,5,102.609,1,0.004872866902513425
361,17624,0,102.609,1,0.0
362,17624,15,102.609,1,0.014618600707540274
363,17624,1,102.609,1,0.000974573380502685
364,20836,1,225.0,0,0.0004444444444444444
365,20836,1,225.0,0,0.0004444444444444444
366,20836,11,225.0,0,0.004888888888888889
367,26798,1,42.5,0,0.0023529411764705885
368,29557,0,150.0,0,0.0
369,22173,0,150.0,gross,0.0
370,22173,1,150.0,gross,0.0006666666666666666
371,22173,0,150.0,gross,0.0
372,22173,2,150.0,gross,0.0013333333333333333
373,20974,3,224.616,0,0.001335612779143071
374,20974,5,224.616,0,0.002226021298571785
375,20974,6,224.616,0,0.002671225558286142
376,20974,60,224.616,0,0.026712255582861416
377,14438,2,114.0,1,0.0017543859649122805
378,14438,0,114.0,1,0.0
379,14438,0,114.0,1,0.0
380,14438,0,114.0,1,0.0
381,17835,0,70.0,0,0.0
382,27612,0,40.0,0,0.0
383,27605,1,100.0,0,0.001
384,27605,0,100.0,0,0.0
385,27605,0,100.0,0,0.0
386,27605,3,100.0,0,0.003
387,27153,2,112.5,1,0.0017777777777777776
388,27153,0,112.5,1,0.0
389,18607,5,290.4,1,0.0017217630853994489
390,18607,0,290.4,1,0.0
391,18607,6,290.4,1,0.002066115702479339
392,18607,0,290.4,1,0.0
393,18607,8,290.4,1,0.0027548209366391185
394,18607,0,290.4,1,0.0
395,28492,1,70.0,0,0.0014285714285714286
396,18615,0,230.49,1,0.0
397,18615,0,230.49,1,0.0
398,18468,3,250.0,0,0.0012000000000000001
399,18468,3,250.0,0,0.0012000000000000001
400,18829,0,175.0,0,0.0
401,17042,0,80.0,gross,0.0
402,20979,1,267.019,0,0.00037450518502428666
403,20979,3,267.019,0,0.0011235155550728601
404,20979,4,267.019,0,0.0014980207400971466
405,20979,6,267.019,0,0.0022470311101457203
406,20979,49,267.019,0,0.018350754066190047
407,18832,1,270.0,0,0.00037037037037037035
408,18832,0,270.0,0,0.0
409,18832,4,270.0,0,0.0014814814814814814
410,20618,1,240.0,0,0.0004166666666666667
411,25444,1,40.0,0,0.0025
412,22963,3,100.0,0,0.003
413,24154,1,100.0,0,0.001
414,24154,2,100.0,0,0.002
415,24154,4,100.0,0,0.004
416,24154,26,100.0,0,0.026
417,20151,2,240.0,0,0.0008333333333333334
418,20151,15,240.0,0,0.00625
419,20151,0,240.0,0,0.0
420,20151,0,240.0,0,0.0
421,15805,3,88.0,1,0.0034090909090909094
422,15805,0,88.0,1,0.0
423,15805,0,88.0,1,0.0
424,15805,1,88.0,1,0.0011363636363636363
425,19874,0,180.0,1,0.0
426,19874,0,180.0,1,0.0
427,19874,0,180.0,1,0.0
428,19874,0,180.0,1,0.0
429,19874,0,180.0,1,0.0
430,19874,0,180.0,1,0.0
431,19874,0,180.0,1,0.0
432,19874,14,180.0,1,0.007777777777777778
433,19874,0,180.0,1,0.0
434,19874,0,180.0,1,0.0
435,16271,4,175.0,0,0.002285714285714286
436,14439,4,114.0,1,0.003508771929824561
437,14439,0,114.0,1,0.0
438,14439,0,114.0,1,0.0
439,15802,2,130.0,0,0.0015384615384615385
440,15802,0,130.0,0,0.0
441,15802,3,130.0,0,0.0023076923076923075
442,15802,4,130.0,0,0.003076923076923077
443,15802,2,130.0,0,0.0015384615384615385
444,15802,34,130.0,0,0.026153846153846156
445,16563,5,100.0,0,0.005
446,16563,12,100.0,0,0.012
447,25551,1,80.0,0,0.00125
448,27151,1,120.0,1,0.0008333333333333334
449,16588,0,150.0,gross,0.0
450,16588,4,150.0,gross,0.0026666666666666666
451,17857,1,100.0,0,0.001
452,16802,0,100.0,0,0.0
453,25580,0,25.5,0,0.0
454,28493,1,60.0,0,0.0016666666666666668
455,19672,5,192.0,1,0.002604166666666667
456,19672,0,192.0,1,0.0
457,19672,6,192.0,1,0.003125
458,19672,0,192.0,1,0.0
459,19672,0,192.0,1,0.0
460,29111,0,110.0,0,0.0
461,18608,2,265.95,1,0.0007520210565895845
462,18608,0,265.95,1,0.0
463,18608,0,265.95,1,0.0
464,18751,9,509.04,1,0.001768033946251768
465,19294,2,312.047,1,0.0006409290908100382
466,19294,0,312.047,1,0.0
467,19294,0,312.047,1,0.0
468,19294,3,312.047,1,0.0009613936362150573
469,19294,0,312.047,1,0.0
470,19294,11,312.047,1,0.00352510999945521
471,19294,0,312.047,1,0.0
472,19294,1,312.047,1,0.0003204645454050191
473,19294,0,312.047,1,0.0
474,19508,0,50.0,1,0.0
475,16170,0,140.0,gross,0.0
476,18248,0,50.0,0,0.0
477,18733,10,436.32,1,0.0022918958562522917
478,27544,0,80.0,0,0.0
479,27544,4,80.0,0,0.005
480,27555,1,170.0,0,0.0005882352941176471
481,27555,0,170.0,0,0.0
482,27555,5,170.0,0,0.0029411764705882353
483,18142,10,175.0,0,0.005714285714285714
484,16091,4,165.0,0,0.0024242424242424242
485,16091,12,165.0,0,0.007272727272727273
486,16091,4,165.0,0,0.0024242424242424242
487,24774,2,224.208,1,0.0008920288303717977
488,24774,5,224.208,1,0.002230072075929494
489,24774,13,224.208,1,0.005798187397416684
490,24774,4,224.208,1,0.0017840576607435954
491,24774,9,224.208,1,0.004014129736673089
492,15786,3,200.0,0,0.0015
493,26818,0,36.0,0,0.0
494,26818,3,36.0,0,0.008333333333333333
495,16575,3,110.0,0,0.0027272727272727275
496,16575,2,110.0,0,0.0018181818181818182
497,16575,5,110.0,0,0.004545454545454545
498,16575,5,110.0,0,0.004545454545454545
499,16575,28,110.0,0,0.025454545454545455
500,26061,3,109.136,0,0.002748863802961443
501,26061,2,109.136,0,0.0018325758686409616
502,26061,5,109.136,0,0.004581439671602404
503,26061,44,109.136,0,0.04031666911010116
504,26061,17,109.136,0,0.015576894883448175
505,26061,3,109.136,0,0.002748863802961443
506,26061,2,109.136,0,0.0018325758686409616
507,26061,5,109.136,0,0.004581439671602404
508,26061,44,109.136,0,0.04031666911010116
509,26061,17,109.136,0,0.015576894883448175
510,29874,9,125.0,0,0.0072
511,20991,5,258.09,0,0.0019373086907667867
512,20991,3,258.09,0,0.001162385214460072
513,20991,5,258.09,0,0.0019373086907667867
514,20991,9,258.09,0,0.0034871556433802163
515,20991,3,258.09,0,0.001162385214460072
516,20991,0,258.09,0,0.0
517,18803,0,50.0,gross,0.0
518,18803,0,50.0,gross,0.0
519,18803,0,50.0,gross,0.0
520,18803,0,50.0,gross,0.0
521,18803,0,50.0,gross,0.0
522,18803,0,50.0,gross,0.0
523,18803,0,50.0,gross,0.0
524,24571,13,143.372,0,0.009067321373768936
525,20620,0,240.0,0,0.0
526,18134,2,116.312,1,0.001719513033908797
527,18134,0,116.312,1,0.0
528,27557,0,100.0,0,0.0
529,27557,1,100.0,0,0.001
530,27557,1,100.0,0,0.001
531,27557,2,100.0,0,0.002
532,27557,3,100.0,0,0.003
533,27557,21,100.0,0,0.021
534,27557,0,100.0,0,0.0
535,23733,22,324.412,1,0.006781500067815
536,23733,1,324.412,1,0.00030825000308250006
537,16384,2,50.0,0,0.004
538,19067,3,281.6,1,0.0010653409090909092
539,19067,0,281.6,1,0.0
540,19067,7,281.6,1,0.0024857954545454545
541,19067,0,281.6,1,0.0
542,19067,13,281.6,1,0.004616477272727273
543,19067,0,281.6,1,0.0
544,21831,2,75.0,gross,0.0026666666666666666
545,21831,5,75.0,gross,0.006666666666666667
546,21831,0,75.0,gross,0.0
547,21831,14,75.0,gross,0.018666666666666665
548,21831,11,75.0,gross,0.014666666666666666
549,28477,1,180.0,1,0.0005555555555555556
550,28477,0,180.0,1,0.0
551,28477,0,180.0,1,0.0
552,28477,0,180.0,1,0.0
553,18542,0,27.6,gross,0.0
554,16083,0,50.0,0,0.0
555,26060,4,140.532,0,0.0028463268152449264
556,26060,4,140.532,0,0.0028463268152449264
557,26060,8,140.532,0,0.005692653630489853
558,26060,33,140.532,0,0.023482196225770642
559,26060,58,140.532,0,0.04127173882105144
560,26060,4,140.532,0,0.0028463268152449264
561,26060,4,140.532,0,0.0028463268152449264
562,26060,8,140.532,0,0.005692653630489853
563,26060,33,140.532,0,0.023482196225770642
564,26060,58,140.532,0,0.04127173882105144
565,23738,17,289.8,1,0.005866114561766736
566,23738,0,289.8,1,0.0
567,23738,30,289.8,1,0.010351966873706004
568,23738,1,289.8,1,0.0003450655624568668
569,28719,2,120.0,0,0.0016666666666666668
570,24773,3,226.284,1,0.0013257676194516625
571,24773,3,226.284,1,0.0013257676194516625
572,24773,0,226.284,1,0.0
573,24773,5,226.284,1,0.0022096126990861042
574,24773,5,226.284,1,0.0022096126990861042
575,24773,1,226.284,1,0.00044192253981722085
576,17218,1,50.0,gross,0.002
577,16136,0,20.0,gross,0.0
578,15750,2,130.0,gross,0.0015384615384615385
579,18833,1,270.0,0,0.00037037037037037035
580,18833,0,270.0,0,0.0
581,18833,1,270.0,0,0.00037037037037037035
582,18743,10,492.936,1,0.002028660921498937
583,27905,0,20.0,0,0.0
584,17126,2,180.0,0,0.0011111111111111111
585,17126,2,180.0,0,0.0011111111111111111
586,16801,9,100.0,0,0.009000000000000001
587,25999,1,45.0,1,0.0022222222222222222
588,25999,0,45.0,1,0.0
589,25999,8,45.0,1,0.017777777777777778
590,25999,0,45.0,1,0.0
591,25999,0,45.0,1,0.0
592,28929,1,60.0,0,0.0016666666666666668
593,27797,2,140.0,0,0.0014285714285714286
594,27797,3,140.0,0,0.002142857142857143
595,27797,5,140.0,0,0.0035714285714285718
596,27797,5,140.0,0,0.0035714285714285718
597,27797,42,140.0,0,0.03
598,20988,11,115.662,0,0.009510470163061334
599,25150,16,551.005,1,0.0029037849021333745
600,25150,34,551.005,1,0.006170542917033421
601,25150,24,551.005,1,0.004355677353200062
602,25150,117,551.005,1,0.021233927096850302
603,25150,0,551.005,1,0.0
604,25150,0,551.005,1,0.0
605,15804,1,100.0,1,0.001
606,15804,0,100.0,1,0.0
607,15804,0,100.0,1,0.0
608,27553,0,100.0,0,0.0
609,16415,1,90.0,gross,0.0011111111111111111
610,16811,4,200.0,0,0.002
611,24846,2,175.0,0,0.001142857142857143
612,14577,4,450.0,1,0.0008888888888888888
613,14577,3,450.0,1,0.0006666666666666666
614,16092,0,60.0,1,0.0
615,16092,0,60.0,1,0.0
616,16092,0,60.0,1,0.0
617,16092,0,60.0,1,0.0
618,16092,0,60.0,1,0.0
619,16092,0,60.0,1,0.0
620,16092,0,60.0,1,0.0
621,16092,0,60.0,1,0.0
622,18127,2,116.312,1,0.001719513033908797
623,18127,0,116.312,1,0.0
624,24690,3,253.773,1,0.0011821588585074062
625,24690,0,253.773,1,0.0
626,24690,1,253.773,1,0.00039405295283580205
627,24690,6,253.773,1,0.0023643177170148124
628,24690,6,253.773,1,0.0023643177170148124
629,24690,6,253.773,1,0.0023643177170148124
630,24690,8,253.773,1,0.0031524236226864164
631,24690,7,253.773,1,0.0027583706698506147
632,24690,33,253.773,1,0.01300374744358147
633,24690,0,253.773,1,0.0
634,19065,4,315.0,0,0.0012698412698412698
635,19065,0,315.0,0,0.0
636,19065,8,315.0,0,0.0025396825396825397
637,19065,0,315.0,0,0.0
638,19065,19,315.0,0,0.006031746031746031
639,19065,0,315.0,0,0.0
640,19252,3,300.0,0,0.001
641,19252,0,300.0,0,0.0
642,19252,7,300.0,0,0.002333333333333333
643,19252,0,300.0,0,0.0
644,25577,0,37.5,0,0.0
645,18828,1,181.594,gross,0.0005506789871912068
646,24686,1,97.605,1,0.0010245376773730854
647,24686,2,97.605,1,0.002049075354746171
648,24686,5,97.605,1,0.005122688386865427
649,24686,0,97.605,1,0.0
650,24686,10,97.605,1,0.010245376773730854
651,18744,10,458.48,1,0.002181120223346711
652,19872,0,180.0,1,0.0
653,19872,0,180.0,1,0.0
654,19872,0,180.0,1,0.0
655,19872,0,180.0,1,0.0
656,19872,0,180.0,1,0.0
657,19872,0,180.0,1,0.0
658,19872,0,180.0,1,0.0
659,19872,0,180.0,1,0.0
660,19872,16,180.0,1,0.008888888888888889
661,19872,0,180.0,1,0.0
662,19872,0,180.0,1,0.0
663,24155,1,100.0,0,0.001
664,24155,3,100.0,0,0.003
665,24155,3,100.0,0,0.003
666,24155,23,100.0,0,0.023
667,19518,6,200.0,0,0.003
668,19518,0,200.0,0,0.0
669,19518,13,200.0,0,0.0065
670,19518,0,200.0,0,0.0
671,19518,52,200.0,0,0.026
672,19518,0,200.0,0,0.0
673,19518,0,200.0,0,0.0
674,19518,0,200.0,0,0.0
675,19518,0,200.0,0,0.0
676,18130,2,116.312,1,0.001719513033908797
677,18130,0,116.312,1,0.0
678,24570,14,145.336,0,0.009632850773380304
679,27328,0,82.0,0,0.0
680,27328,0,82.0,0,0.0
681,28718,0,85.0,0,0.0
682,28718,0,85.0,0,0.0
683,28718,0,85.0,0,0.0
684,28718,2,85.0,0,0.0023529411764705885
685,27326,3,100.0,0,0.003
686,27326,2,100.0,0,0.002
687,27326,1,100.0,0,0.001
688,27326,4,100.0,0,0.004
689,27326,17,100.0,0,0.017
690,22325,0,30.0,1,0.0
691,22325,0,30.0,1,0.0
692,18128,2,123.816,1,0.0016153001227628093
693,18128,0,123.816,1,0.0
694,22035,0,150.0,gross,0.0
695,22035,3,150.0,gross,0.002
696,24569,7,129.624,0,0.005400234524470777
697,28791,1,50.0,0,0.002
698,15803,5,85.0,1,0.0058823529411764705
699,15803,1,85.0,1,0.0011764705882352942
700,15803,0,85.0,1,0.0
701,20837,0,225.0,0,0.0
702,20837,1,225.0,0,0.0004444444444444444
703,20837,2,225.0,0,0.0008888888888888888
704,15977,4,220.0,0,0.0018181818181818182
705,15977,9,220.0,0,0.004090909090909091
706,15977,110,220.0,0,0.05
707,28922,1,362.738,1,0.00027568107008364164
708,18238,1,80.0,0,0.00125
709,19068,4,281.6,1,0.0014204545454545455
710,19068,0,281.6,1,0.0
711,19068,7,281.6,1,0.0024857954545454545
712,19068,0,281.6,1,0.0
713,19068,10,281.6,1,0.0035511363636363635
714,19068,0,281.6,1,0.0
715,24261,0,154.08,0,0.0
716,19873,5,180.0,1,0.002777777777777778
717,19873,0,180.0,1,0.0
718,19873,0,180.0,1,0.0
719,19873,0,180.0,1,0.0
720,19873,0,180.0,1,0.0
721,19873,0,180.0,1,0.0
722,19873,0,180.0,1,0.0
723,18513,0,100.0,0,0.0
724,14440,1,114.0,1,0.0008771929824561403
725,14440,0,114.0,1,0.0
726,14440,0,114.0,1,0.0
727,14440,0,114.0,1,0.0
728,16298,1,70.0,0,0.0014285714285714286
729,25586,0,32.0,0,0.0
730,18326,1,100.0,0,0.001
731,19063,16,281.6,1,0.005681818181818182
732,19063,0,281.6,1,0.0
733,19670,2,118.0,1,0.001694915254237288
734,19670,0,118.0,1,0.0
735,19670,12,118.0,1,0.010169491525423728
736,19670,0,118.0,1,0.0
737,19670,0,118.0,1,0.0
738,19670,0,118.0,1,0.0
739,19670,0,118.0,1,0.0
740,16137,0,25.0,gross,0.0
741,29212,4,118.18,0,0.003384667456422407
742,29212,12,118.18,0,0.01015400236926722
743,22182,0,44.8,gross,0.0
744,22182,2,44.8,gross,0.004464285714285714
745,15936,3,100.0,0,0.003
746,24893,4,440.0,1,0.0009090909090909091
747,27019,2,270.0,0,0.0007407407407407407
748,18616,6,244.2,1,0.002457002457002457
749,18616,0,244.2,1,0.0
750,18616,11,244.2,1,0.0045045045045045045
751,18616,0,244.2,1,0.0
752,18616,12,244.2,1,0.004914004914004914
753,18616,0,244.2,1,0.0
754,22124,2,120.0,0,0.0016666666666666668
755,22124,5,120.0,0,0.004166666666666667
756,22124,7,120.0,0,0.005833333333333334
757,22124,10,120.0,0,0.008333333333333333
758,22124,8,120.0,0,0.006666666666666667
759,22124,7,120.0,0,0.005833333333333334
760,18748,8,383.358,1,0.0020868222392646037
761,29619,0,70.0,0,0.0
762,29619,4,70.0,0,0.005714285714285714
763,25144,18,525.299,1,0.0034266198869596174
764,25144,37,525.299,1,0.0070436075454169906
765,25144,67,525.299,1,0.012754640690349688
766,18736,9,500.96,1,0.001796550622804216
767,18627,1,175.0,0,0.0005714285714285715
768,29451,0,150.0,0,0.0
769,29451,1,150.0,0,0.0006666666666666666
770,29451,2,150.0,0,0.0013333333333333333
771,16573,3,150.0,0,0.002
772,18405,5,135.0,0,0.003703703703703704
773,20617,1,240.0,0,0.0004166666666666667
774,27560,1,100.0,0,0.001
775,27560,1,100.0,0,0.001
776,27560,1,100.0,0,0.001
777,27560,1,100.0,0,0.001
778,15982,24,180.0,0,0.013333333333333334
779,15982,1,180.0,0,0.0005555555555555556
780,18293,0,20.0,1,0.0
781,18465,25,180.0,0,0.013888888888888888
782,17043,14,150.0,0,0.009333333333333332
783,18514,0,20.0,0,0.0
784,18609,5,290.4,1,0.0017217630853994489
785,18609,0,290.4,1,0.0
786,18609,9,290.4,1,0.0030991735537190084
787,18609,0,290.4,1,0.0
788,18609,10,290.4,1,0.0034435261707988977
789,18609,2,290.4,1,0.0006887052341597796
790,18028,2,125.0,0,0.0015999999999999999
791,18028,6,125.0,0,0.0048000000000000004
792,18028,0,125.0,0,0.0
793,18028,9,125.0,0,0.0072
794,18028,0,125.0,0,0.0
795,18028,20,125.0,0,0.016
796,26056,5,107.641,0,0.004645070187010526
797,26056,2,107.641,0,0.0018580280748042102
798,26056,18,107.641,0,0.016722252673237892
799,26056,5,107.641,0,0.004645070187010526
800,26056,2,107.641,0,0.0018580280748042102
801,26056,18,107.641,0,0.016722252673237892
802,23025,17,200.0,0,0.0085
803,27147,0,140.0,1,0.0
804,27147,7,140.0,1,0.005
805,24689,4,253.773,1,0.0015762118113432082
806,24689,5,253.773,1,0.0019702647641790102
807,24689,5,253.773,1,0.0019702647641790102
808,24689,10,253.773,1,0.0039405295283580204
809,24689,76,253.773,1,0.029948024415520958
810,24689,0,253.773,1,0.0
811,17112,0,200.0,gross,0.0
812,23736,21,342.188,1,0.006136977334097046
813,23736,1,342.188,1,0.0002922370159093831
814,17468,0,125.0,0,0.0
815,23740,18,289.8,1,0.006211180124223603
816,23740,0,289.8,1,0.0
817,23740,43,289.8,1,0.014837819185645272
818,23740,1,289.8,1,0.0003450655624568668
819,24446,1,40.0,1,0.0025
820,28881,0,75.0,0,0.0
821,24257,0,154.08,0,0.0
822,20619,0,240.0,0,0.0
823,25145,29,522.153,1,0.005553927680201014
824,25145,1,522.153,1,0.00019151474759313838
825,25145,2,522.153,1,0.00038302949518627676
826,25145,0,522.153,1,0.0
827,25145,1,522.153,1,0.00019151474759313838
828,25145,14,522.153,1,0.002681206466303938
829,22329,0,50.0,1,0.0
830,22329,2,50.0,1,0.004
831,19669,2,118.0,1,0.001694915254237288
832,19669,0,118.0,1,0.0
833,19669,2,118.0,1,0.001694915254237288
834,19669,15,118.0,1,0.012711864406779662
835,19669,1,118.0,1,0.000847457627118644
836,19669,0,118.0,1,0.0
837,19669,0,118.0,1,0.0
838,17686,4,150.0,0,0.0026666666666666666
839,17686,0,150.0,0,0.0
840,17686,7,150.0,0,0.004666666666666666
841,17686,32,150.0,0,0.021333333333333333
842,18737,11,492.936,1,0.002231527013648831
843,28605,0,80.0,0,0.0
844,21892,8,110.0,0,0.007272727272727273
845,14580,2,127.0,1,0.0015748031496062992
846,14580,0,127.0,1,0.0
847,14580,1,127.0,1,0.0007874015748031496
848,14578,3,447.0,1,0.0006711409395973155
849,14578,2,447.0,1,0.0004474272930648769
850,23734,17,277.75,1,0.00612061206120612
851,23734,0,277.75,1,0.0
852,23734,32,277.75,1,0.01152115211521152
853,23734,1,277.75,1,0.00036003600360036
854,29873,12,125.0,0,0.009600000000000001
855,19062,4,281.6,1,0.0014204545454545455
856,19062,0,281.6,1,0.0
857,19062,8,281.6,1,0.002840909090909091
858,19062,0,281.6,1,0.0
859,19062,12,281.6,1,0.004261363636363637
860,19062,0,281.6,1,0.0
861,25649,1,42.5,0,0.0023529411764705885
862,16138,0,10.0,gross,0.0
863,17475,3,150.0,gross,0.002
864,24204,1,296.348,0,0.00033744111652516637
865,24204,8,296.348,0,0.002699528932201331
866,18611,4,230.49,1,0.0017354332075144258
867,18611,0,230.49,1,0.0
868,18611,9,230.49,1,0.0039047247169074584
869,18611,0,230.49,1,0.0
870,18611,10,230.49,1,0.004338583018786064
871,18611,0,230.49,1,0.0
872,18611,0,230.49,1,0.0
873,18614,7,290.4,1,0.0024104683195592287
874,18614,0,290.4,1,0.0
875,18614,10,290.4,1,0.0034435261707988977
876,18614,0,290.4,1,0.0
877,18614,12,290.4,1,0.004132231404958678
878,18614,1,290.4,1,0.0003443526170798898
879,18614,0,290.4,1,0.0
880,18614,0,290.4,1,0.0
881,18543,0,27.8,gross,0.0
882,18742,7,451.95,1,0.0015488438986613565
883,18745,9,458.48,1,0.00196300820101204
884,17626,4,84.192,1,0.004751045229950589
885,17626,0,84.192,1,0.0
886,24688,4,253.773,1,0.0015762118113432082
887,24688,7,253.773,1,0.0027583706698506147
888,24688,5,253.773,1,0.0019702647641790102
889,24688,6,253.773,1,0.0023643177170148124
890,24688,70,253.773,1,0.027583706698506145
891,24688,0,253.773,1,0.0
892,15809,2,75.0,0,0.0026666666666666666
893,18027,0,80.0,0,0.0
894,18027,6,80.0,0,0.0075
895,29264,0,50.0,0,0.0
896,24695,4,232.083,1,0.0017235213264220127
897,24695,6,232.083,1,0.0025852819896330192
898,24695,0,232.083,1,0.0
899,24695,12,232.083,1,0.0051705639792660385
900,24695,27,232.083,1,0.011633768953348587
901,24695,0,232.083,1,0.0
902,18834,1,190.0,0,0.0005263157894736842
903,18834,0,190.0,0,0.0
904,18834,1,190.0,0,0.0005263157894736842
905,18834,1,190.0,0,0.0005263157894736842
906,18834,0,190.0,0,0.0
907,27149,0,70.0,1,0.0
908,27149,3,70.0,1,0.004285714285714286
909,25441,1,51.0,0,0.00196078431372549
910,25582,0,25.5,0,0.0
911,24692,4,247.266,1,0.0016176910695364507
912,24692,6,247.266,1,0.002426536604304676
913,24692,6,247.266,1,0.002426536604304676
914,24692,6,247.266,1,0.002426536604304676
915,24692,52,247.266,1,0.02102998390397386
916,24692,0,247.266,1,0.0
917,20614,3,240.0,0,0.00125
918,20614,10,240.0,0,0.004166666666666667
919,20614,0,240.0,0,0.0
920,14579,1,320.0,1,0.0003125
921,14579,9,320.0,1,0.0028125
922,27584,2,100.0,0,0.002
923,27584,6,100.0,0,0.006
924,27584,7,100.0,0,0.006999999999999999
925,27584,32,100.0,0,0.032
926,16135,0,10.0,gross,0.0
927,15869,2,175.0,gross,0.001142857142857143
928,15869,1,175.0,gross,0.0005714285714285715
929,24778,1,236.664,1,0.00042253997228137785
930,24778,0,236.664,1,0.0
931,24778,5,236.664,1,0.0021126998614068894
932,24778,5,236.664,1,0.0021126998614068894
933,24778,1,236.664,1,0.00042253997228137785
934,24778,2,236.664,1,0.0008450799445627557
935,24778,7,236.664,1,0.0029577798059696445
936,17033,1,94.9,0,0.001053740779768177
937,17033,2,94.9,0,0.002107481559536354
938,17033,16,94.9,0,0.01685985247629083
939,19483,6,200.0,0,0.003
940,19483,0,200.0,0,0.0
941,19483,12,200.0,0,0.006
942,19483,0,200.0,0,0.0
943,19483,22,200.0,0,0.011000000000000001
944,19483,0,200.0,0,0.0
945,19483,0,200.0,0,0.0
946,23737,19,295.4,1,0.006431956668923493
947,23737,0,295.4,1,0.0
948,23737,44,295.4,1,0.014895057549085985
949,23737,3,295.4,1,0.001015572105619499
950,18606,3,265.95,1,0.0011280315848843767
951,18606,0,265.95,1,0.0
952,18606,7,265.95,1,0.0026320736980635457
953,18606,0,265.95,1,0.0
954,18606,18,265.95,1,0.006768189509306261
955,18606,0,265.95,1,0.0
956,22174,1,50.0,gross,0.002
957,22174,6,50.0,gross,0.012
958,22174,1,50.0,gross,0.002
959,20980,5,254.448,0,0.0019650380431365153
960,20980,7,254.448,0,0.0027510532603911213
961,20980,9,254.448,0,0.003537068477645727
962,20980,49,254.448,0,0.01925737282273785
963,27003,0,160.0,0,0.0
964,24772,2,226.284,1,0.0008838450796344417
965,24772,2,226.284,1,0.0008838450796344417
966,24772,0,226.284,1,0.0
967,24772,3,226.284,1,0.0013257676194516625
968,24772,2,226.284,1,0.0008838450796344417
969,24772,6,226.284,1,0.002651535238903325
970,24772,6,226.284,1,0.002651535238903325
971,27148,0,105.0,1,0.0
972,27148,2,105.0,1,0.0019047619047619045
973,26059,4,134.551,0,0.0029728504433263222
974,26059,20,134.551,0,0.014864252216631612
975,26059,0,134.551,0,0.0
976,26059,4,134.551,0,0.0029728504433263222
977,26059,20,134.551,0,0.014864252216631612
978,26059,0,134.551,0,0.0
979,18325,2,125.0,0,0.0015999999999999999
980,20992,5,370.76,0,0.0013485812924803108
981,20992,6,370.76,0,0.001618297550976373
982,20992,6,370.76,0,0.001618297550976373
983,20992,15,370.76,0,0.004045743877440932
984,20989,12,305.76,0,0.003924646781789639
985,27152,4,112.5,1,0.0035555555555555553
986,27152,0,112.5,1,0.0
987,27455,3,90.0,0,0.0033333333333333335
988,27455,0,90.0,0,0.0
989,27455,3,90.0,0,0.0033333333333333335
990,27455,5,90.0,0,0.005555555555555556
991,27959,4,100.0,0,0.004
992,27959,4,100.0,0,0.004
993,18132,0,112.56,1,0.0
994,18132,0,112.56,1,0.0
995,24573,0,94.272,0,0.0
996,24573,0,94.272,0,0.0
997,24573,0,94.272,0,0.0
998,18613,2,212.76,1,0.0009400263207369805
999,18613,0,212.76,1,0.0
1000,18613,0,212.76,1,0.0
1001,22267,3,176.784,0,0.0016969861525929948
1002,22267,5,176.784,0,0.002828310254321658
1003,22267,22,176.784,0,0.012444565119015295
1004,21716,2,110.0,gross,0.0018181818181818182
1005,21716,2,110.0,gross,0.0018181818181818182
1006,21716,4,110.0,gross,0.0036363636363636364
1007,21716,26,110.0,gross,0.023636363636363636
1008,27381,0,50.0,0,0.0
1009,27381,0,50.0,0,0.0
1010,25547,0,45.6,0,0.0
1011,21834,3,80.0,1,0.00375
1012,15774,1,150.0,0,0.0006666666666666666
1013,15774,3,150.0,0,0.002
1014,15774,34,150.0,0,0.022666666666666665
1015,25578,0,35.5,0,0.0
1016,22133,2,180.0,0,0.0011111111111111111
1017,22133,4,180.0,0,0.0022222222222222222
1018,22133,5,180.0,0,0.002777777777777778
1019,22133,36,180.0,0,0.02
1020,23120,5,199.708,0,0.0025036553367917156
1021,23120,40,199.708,0,0.020029242694333725
1022,16880,1,130.0,0,0.0007692307692307692
1023,15758,3,100.0,gross,0.003
1024,15758,2,100.0,gross,0.002
1025,15758,4,100.0,gross,0.004
1026,16089,0,20.0,gross,0.0
1027,18492,0,20.0,gross,0.0
1028,18541,0,22.8,gross,0.0
1029,17687,0,150.0,0,0.0
1030,16776,0,208.0,gross,0.0
1031,16776,1,208.0,gross,0.0004807692307692308
1032,19492,0,60.0,1,0.0
1033,27512,2,150.0,0,0.0013333333333333333
1034,27512,20,150.0,0,0.013333333333333334
1035,18515,0,15.0,0,0.0
1036,16325,0,87.0,1,0.0
1037,16325,1,87.0,1,0.0011494252873563218
1038,15775,1,70.0,0,0.0014285714285714286
1039,15775,2,70.0,0,0.002857142857142857
1040,15775,25,70.0,0,0.03571428571428571
1041,22134,2,150.0,0,0.0013333333333333333
1042,22134,3,150.0,0,0.002
1043,22134,5,150.0,0,0.0033333333333333335
1044,22134,40,150.0,0,0.02666666666666667
1045,17306,450,150.0,0,0.3
1046,17306,9,150.0,0,0.006
1047,18610,3,212.76,1,0.0014100394811054709
1048,18610,0,212.76,1,0.0
1049,18610,8,212.76,1,0.003760105282947922
1050,18610,0,212.76,1,0.0
1051,18610,9,212.76,1,0.004230118443316413
1052,18610,0,212.76,1,0.0
1053,18610,0,212.76,1,0.0
1054,18610,0,212.76,1,0.0
1055,28792,3,50.0,0,0.006
1056,16469,0,220.0,gross,0.0
1057,16469,1,220.0,gross,0.00045454545454545455
1058,18741,9,451.95,1,0.0019913707268503153
1059,16958,4,380.0,gross,0.0010526315789473684
1060,16958,5,380.0,gross,0.0013157894736842105
1061,16958,3,380.0,gross,0.0007894736842105263
1062,16958,1,380.0,gross,0.0002631578947368421
1063,27559,5,150.0,0,0.0033333333333333335
1064,27559,6,150.0,0,0.004
1065,27559,25,150.0,0,0.016666666666666666
1066,27978,0,30.0,0,0.0
1067,19239,3,210.0,0,0.0014285714285714286
1068,19239,0,210.0,0,0.0
1069,19239,12,210.0,0,0.005714285714285714
1070,19239,1,210.0,0,0.00047619047619047614
1071,19239,0,210.0,0,0.0
1072,18029,2,125.0,0,0.0015999999999999999
1073,18029,7,125.0,0,0.0056
1074,18029,12,125.0,0,0.009600000000000001
1075,18029,24,125.0,0,0.019200000000000002
1076,26057,5,149.502,0,0.0033444368637208866
1077,26057,6,149.502,0,0.004013324236465064
1078,26057,12,149.502,0,0.008026648472930128
1079,26057,6,149.502,0,0.004013324236465064
1080,26057,20,149.502,0,0.013377747454883546
1081,26057,16,149.502,0,0.010702197963906836
1082,26057,22,149.502,0,0.014715522200371901
1083,26057,17,149.502,0,0.011371085336651014
1084,26057,13,149.502,0,0.008695535845674306
1085,26057,20,149.502,0,0.013377747454883546
1086,26057,26,149.502,0,0.01739107169134861
1087,26057,5,149.502,0,0.0033444368637208866
1088,26057,6,149.502,0,0.004013324236465064
1089,26057,12,149.502,0,0.008026648472930128
1090,26057,6,149.502,0,0.004013324236465064
1091,26057,20,149.502,0,0.013377747454883546
1092,26057,16,149.502,0,0.010702197963906836
1093,26057,22,149.502,0,0.014715522200371901
1094,26057,17,149.502,0,0.011371085336651014
1095,26057,13,149.502,0,0.008695535845674306
1096,26057,20,149.502,0,0.013377747454883546
1097,26057,26,149.502,0,0.01739107169134861
1098,19064,4,281.6,1,0.0014204545454545455
1099,19064,0,281.6,1,0.0
1100,19064,1,281.6,1,0.0003551136363636364
1101,19064,1,281.6,1,0.0003551136363636364
1102,19064,3,281.6,1,0.0010653409090909092
1103,19064,8,281.6,1,0.002840909090909091
1104,19064,4,281.6,1,0.0014204545454545455
1105,19064,2,281.6,1,0.0007102272727272727
1106,27384,2,75.0,0,0.0026666666666666666
1107,24205,4,278.278,0,0.0014374115093539555
1108,24205,0,278.278,0,0.0
1109,24205,0,278.278,0,0.0
1110,24771,2,226.284,1,0.0008838450796344417
1111,24771,2,226.284,1,0.0008838450796344417
1112,24771,6,226.284,1,0.002651535238903325
1113,24771,8,226.284,1,0.0035353803185377668
1114,24771,0,226.284,1,0.0
1115,27552,2,100.0,0,0.002
1116,27552,5,100.0,0,0.005
1117,27552,0,100.0,0,0.0
1118,15868,1,150.0,gross,0.0006666666666666666
1119,15868,1,150.0,gross,0.0006666666666666666
1120,15868,0,150.0,gross,0.0
