,cul_day,quantity,weight,ekor,average_weight,sr%
0,100.0,1.6,132.0,1,1.67,0.0022918958562522917
1,153.0,1.6,267.39,4,3.78,0.0022918958562522917
2,153.0,1.9,269.1,5,3.88,0.0022918958562522917
3,153.0,1.9,476.65,11,4.08,0.0022918958562522917
4,153.0,0.6,592.6,17,4.0,0.0022918958562522917
5,153.0,0.6,523.4,15,4.57,0.0022918958562522917
6,153.0,0.8,889.06,26,4.75,0.0022918958562522917
7,153.0,0.8,1418.2,42,4.44,0.0014361075740313453
8,153.0,1.1,267.39,4,5.26,0.0014361075740313453
9,153.0,1.1,269.1,5,4.77,0.0014361075740313453
10,153.0,1.4,476.65,11,4.41,0.0014361075740313453
11,153.0,1.4,592.6,17,4.85,0.0014361075740313453
12,153.0,2.0,523.4,15,5.78,0.0014361075740313453
13,153.0,2.0,889.06,26,5.49,0.0033509176727398063
14,153.0,2.0,1418.2,42,5.52,0.0033509176727398063
15,153.0,2.2,267.39,4,5.6,0.0033509176727398063
16,153.0,2.2,269.1,5,5.67,0.020584208561115952
17,153.0,2.2,476.65,11,5.6,0.020584208561115952
18,153.0,2.5,592.6,17,7.58,0.020584208561115952
19,153.0,2.5,523.4,15,7.59,0.0
20,153.0,2.5,889.06,26,7.37,0.0
21,153.0,4.4,1418.2,42,7.5,0.0
22,153.0,4.4,267.39,4,7.57,0.005263157894736842
23,153.0,4.4,269.1,5,7.22,0.005263157894736842
24,153.0,4.4,476.65,11,8.75,0.005263157894736842
25,153.0,5.1,592.6,17,9.26,0.005263157894736842
26,153.0,5.1,523.4,15,9.45,0.005263157894736842
27,153.0,5.1,889.06,26,9.43,0.005263157894736842
28,153.0,5.1,1418.2,42,10.0,0.005263157894736842
29,130.0,5.4,267.39,4,10.41,0.005263157894736842
30,100.0,5.4,269.1,5,10.72,0.005263157894736842
31,100.0,5.4,476.65,11,11.74,0.005263157894736842
32,120.0,5.4,592.6,17,11.9,0.0
33,120.0,5.6,523.4,15,12.0,0.0
34,120.0,5.6,889.06,26,11.63,0.0
35,120.0,5.6,1418.2,42,11.62,0.0
36,120.0,5.8,267.39,4,11.96,0.0
37,120.0,5.8,269.1,5,11.72,0.0
38,100.0,5.8,476.65,11,13.91,0.0
39,100.0,5.8,592.6,17,13.78,0.0
40,100.0,6.3,523.4,15,14.11,0.0
41,100.0,6.3,889.06,26,14.07,0.0
42,100.0,6.3,1418.2,42,13.89,0.0
43,100.0,6.5,267.39,4,14.09,0.0
44,100.0,6.5,269.1,5,14.09,0.0
45,100.0,6.5,476.65,11,16.56,0.0
46,140.0,6.5,592.6,17,16.59,0.0
47,140.0,6.0,523.4,15,16.36,0.0
48,140.0,6.0,889.06,26,16.57,0.0
49,140.0,6.0,1418.2,42,12.08,0.0
50,120.0,6.0,267.39,4,16.5,0.0
51,120.0,7.4,269.1,5,16.57,0.0
52,100.0,7.4,476.65,11,17.26,0.0061403508771929825
53,150.0,7.4,592.6,17,17.05,0.0061403508771929825
54,150.0,7.4,523.4,15,17.26,0.0061403508771929825
55,150.0,7.7,889.06,26,17.25,0.0061403508771929825
56,150.0,7.7,1418.2,42,17.27,0.0061403508771929825
57,150.0,7.7,267.39,4,17.22,0.0061403508771929825
58,150.0,8.7,269.1,5,23.44,0.0061403508771929825
59,150.0,8.7,476.65,11,17.26,0.0061403508771929825
60,150.0,8.7,592.6,17,18.65,0.0061403508771929825
61,150.0,8.7,523.4,15,18.45,0.0061403508771929825
62,150.0,8.0,889.06,26,18.44,0.0008771929824561403
63,150.0,8.0,1418.2,42,18.42,0.0008771929824561403
64,150.0,8.0,267.39,4,18.49,0.0008771929824561403
65,150.0,8.5,269.1,5,18.43,0.0008771929824561403
66,150.0,7.5,476.65,11,18.45,0.0008771929824561403
67,150.0,8.5,592.6,17,21.23,0.0008771929824561403
68,150.0,8.5,523.4,15,21.23,0.0008771929824561403
69,150.0,8.5,889.06,26,21.21,0.0008771929824561403
70,150.0,7.5,1418.2,42,21.24,0.0008771929824561403
71,150.0,9.0,267.39,4,21.14,0.0008771929824561403
72,150.0,6.5,269.1,5,21.03,0.0
73,100.0,7.0,476.65,11,23.71,0.0
74,100.0,7.0,592.6,17,20.0,0.0
75,100.0,7.0,523.4,15,23.75,0.0
76,100.0,9.2,889.06,26,23.53,0.0
77,100.0,8.5,1418.2,42,23.76,0.0
78,100.0,8.5,267.39,4,23.6,0.0
79,110.0,8.5,269.1,5,23.81,0.0
80,110.0,9.0,476.65,11,23.77,0.0
81,110.0,9.0,592.6,17,24.04,0.0
82,110.0,9.0,523.4,15,23.81,0.007017543859649122
83,110.0,9.0,889.06,26,23.7,0.007017543859649122
84,110.0,10.5,1418.2,42,23.81,0.007017543859649122
85,110.0,10.5,267.39,4,23.81,0.007017543859649122
86,120.0,10.0,269.1,5,23.73,0.007017543859649122
87,120.0,8.0,476.65,11,23.81,0.007017543859649122
88,120.0,9.0,592.6,17,3.78,0.007017543859649122
89,120.0,10.0,523.4,15,3.88,0.007017543859649122
90,120.0,10.0,889.06,26,4.08,0.007017543859649122
91,120.0,10.0,1418.2,42,4.0,0.007017543859649122
92,120.0,8.5,267.39,4,4.57,0.0
93,120.0,8.5,269.1,5,4.75,0.0
94,120.0,8.5,476.65,11,4.44,0.0
95,120.0,8.5,592.6,17,5.26,0.0
96,120.0,10.0,523.4,15,4.77,0.0
97,120.0,10.0,889.06,26,4.41,0.0
98,120.0,8.0,1418.2,42,4.85,0.0
99,120.0,8.0,877.48,10,5.78,0.0
100,120.0,7.0,500.0,9,5.49,0.0
101,100.0,7.0,200.0,2,5.52,0.0
102,100.0,7.0,500.0,9,5.6,0.0
103,100.0,5.5,200.0,2,5.67,0.0
104,100.0,10.5,248.75,3,5.6,0.0
105,100.0,10.5,393.0,5,7.58,0.0
106,100.0,10.5,480.0,7,7.59,0.0
107,120.0,8.0,540.0,8,7.37,0.0
108,120.0,8.0,888.6,13,7.5,0.0
109,120.0,8.5,114.55,1,7.57,0.0
110,56.0,8.5,248.75,3,7.22,0.0
111,100.0,10.0,393.0,5,8.75,0.0
112,100.0,10.0,480.0,7,9.26,0.0
113,140.0,10.0,540.0,8,9.45,0.0
114,140.0,10.0,888.6,13,9.43,0.0
115,140.0,9.5,114.55,1,10.0,0.0
116,140.0,10.0,248.75,3,10.41,0.0
117,120.0,10.0,393.0,5,10.72,0.0
118,120.0,10.0,480.0,7,11.74,0.0
119,120.0,10.0,540.0,8,11.9,0.0
120,120.0,10.0,888.6,13,12.0,0.0
121,120.0,10.0,114.55,1,11.63,0.0
122,120.0,10.0,248.75,3,11.62,0.0
123,120.0,10.5,393.0,5,11.96,0.0
124,120.0,11.0,480.0,7,11.72,0.0
125,120.0,11.0,540.0,8,13.91,0.0
126,120.0,11.0,888.6,13,13.78,0.0
127,120.0,11.0,114.55,1,14.11,0.0
128,120.0,11.0,248.75,3,14.07,0.0
129,100.0,11.0,393.0,5,13.89,0.0
130,120.0,11.5,480.0,7,14.09,0.0
131,100.0,11.0,540.0,8,14.09,0.0
132,100.0,11.0,888.6,13,16.56,0.0008771929824561403
133,100.0,11.0,114.55,1,16.59,0.0008771929824561403
134,100.0,11.0,248.75,3,16.36,0.0008771929824561403
135,90.0,11.0,393.0,5,16.57,0.0008771929824561403
136,100.0,5.5,480.0,7,12.08,0.0008771929824561403
137,100.0,5.6,540.0,8,16.5,0.0008771929824561403
138,100.0,5.6,888.6,13,16.57,0.0008771929824561403
139,100.0,5.6,114.55,1,17.26,0.0008771929824561403
140,120.0,6.3,400.0,6,17.05,0.0008771929824561403
141,120.0,6.3,100.0,0,17.26,0.0008771929824561403
142,120.0,6.3,200.0,0,17.25,0.0008771929824561403
143,120.0,7.4,100.0,0,17.27,0.0008771929824561403
144,120.0,7.4,200.0,0,17.22,0.0008771929824561403
145,120.0,7.4,120.0,1,23.44,0.0008771929824561403
146,90.0,7.7,7.4,0,17.26,0.0008771929824561403
147,100.0,7.7,265.9,2,18.65,0.0008771929824561403
148,100.0,7.7,271.2,2,18.45,0.0008771929824561403
149,100.0,8.0,18.9,0,18.44,0.0008771929824561403
150,100.0,8.0,7.4,0,18.42,0.0008771929824561403
151,100.0,8.0,265.9,2,18.49,0.0008771929824561403
152,120.0,7.5,271.2,2,18.43,0.0
153,120.0,7.5,18.9,0,18.45,0.0
154,100.0,8.0,7.4,0,21.23,0.0
155,100.0,8.0,265.9,2,21.23,0.0
156,120.0,8.0,271.2,2,21.21,0.0
157,120.0,8.0,18.9,0,21.24,0.0
158,120.0,10.5,7.4,0,21.14,0.0
159,120.0,10.5,265.9,2,21.03,0.0
160,120.0,10.5,271.2,2,23.71,0.0
161,100.0,10.5,18.9,0,20.0,0.0
162,110.0,10.5,231.5,3,23.75,0.0
163,110.0,10.5,214.3,3,23.53,0.0014023934181002244
164,110.0,10.5,338.56,7,23.76,0.002337322363500374
165,110.0,11.5,1789.9,43,23.6,0.0037397157816005987
166,110.0,11.5,231.5,3,23.81,0.022905759162303665
167,110.0,11.5,214.3,3,23.77,0.0044444444444444444
168,110.0,11.5,338.56,7,24.04,0.0
169,120.0,11.5,1789.9,43,23.81,0.0
170,120.0,11.0,231.5,3,23.7,0.0
171,100.0,11.0,214.3,3,23.81,0.0
172,100.0,11.0,338.56,7,23.81,0.0
173,120.0,11.0,1789.9,43,23.73,0.0
174,120.0,10.0,231.5,3,23.81,0.0
175,120.0,10.0,214.3,3,3.78,0.0
176,120.0,5.5,338.56,7,3.88,0.0
177,120.0,5.5,1789.9,43,4.08,0.002173913043478261
178,120.0,5.5,459.68,7,4.0,0.002173913043478261
179,150.0,5.0,5.0,0,4.57,0.002173913043478261
180,150.0,5.0,459.68,7,4.75,0.002173913043478261
181,150.0,5.0,5.0,0,4.44,0.002173913043478261
182,150.0,5.0,1300.21,10,5.26,0.002173913043478261
183,100.0,2.5,177.0,3,4.77,0.002173913043478261
184,120.0,2.5,174.0,3,4.41,0.002173913043478261
185,120.0,2.5,203.5,4,4.85,0.002173913043478261
186,100.0,2.5,680.0,19,5.78,0.008695652173913044
187,100.0,5.5,1883.74,53,5.49,0.008695652173913044
188,100.0,5.5,177.0,3,5.52,0.008695652173913044
189,130.0,5.5,174.0,3,5.6,0.008695652173913044
190,130.0,5.5,203.5,4,5.67,0.008695652173913044
191,120.0,4.0,680.0,19,5.6,0.008695652173913044
192,120.0,4.0,1883.74,53,7.58,0.008695652173913044
193,120.0,4.0,177.0,3,7.59,0.008695652173913044
194,120.0,4.0,174.0,3,7.37,0.008695652173913044
195,140.0,4.0,203.5,4,7.5,0.0
196,140.0,4.0,680.0,19,7.57,0.0
197,140.0,4.0,1883.74,53,7.22,0.0
198,140.0,4.0,177.0,3,8.75,0.0
199,140.0,4.0,174.0,3,9.26,0.0
200,100.0,4.0,203.5,4,9.45,0.0
201,100.0,4.0,680.0,19,9.43,0.0
202,100.0,4.0,1883.74,53,10.0,0.0
203,100.0,4.0,177.0,3,10.41,0.0
204,100.0,4.0,174.0,3,10.72,0.0
205,75.0,4.0,203.5,4,11.74,0.0
206,100.0,4.0,680.0,19,11.9,0.0
207,100.0,4.0,1883.74,53,12.0,0.0
208,100.0,4.0,177.0,3,11.63,0.0
209,100.0,4.0,174.0,3,11.62,0.0
210,100.0,4.0,203.5,4,11.96,0.0
211,100.0,4.0,680.0,19,11.72,0.0
212,120.0,4.0,1883.74,53,13.91,0.0
213,100.0,4.0,177.0,3,13.78,0.007817385866166354
214,100.0,4.0,174.0,3,14.11,0.0003443526170798898
215,120.0,4.0,203.5,4,14.07,0.0013774104683195593
216,120.0,4.0,680.0,19,13.89,0.0024104683195592287
217,120.0,4.0,1883.74,53,14.09,0.0024104683195592287
218,120.0,4.0,177.0,3,14.09,0.01997245179063361
219,120.0,4.0,174.0,3,16.56,0.0
220,120.0,4.0,203.5,4,16.59,0.0037229458181080363
221,120.0,4.0,680.0,19,16.36,0.018428581799634778
222,120.0,4.0,1883.74,53,16.57,0.0
223,120.0,4.0,177.0,3,12.08,0.0023472174803687265
224,100.0,11.0,174.0,3,16.5,0.0023472174803687265
225,100.0,11.0,203.5,4,16.57,0.0023472174803687265
226,100.0,10.0,680.0,19,17.26,0.0023472174803687265
227,100.0,10.0,1883.74,53,17.05,0.0023472174803687265
228,100.0,11.0,177.0,3,17.26,0.0023472174803687265
229,100.0,11.0,174.0,3,17.25,0.0023472174803687265
230,100.0,10.0,203.5,4,17.27,0.0028131109725393483
231,100.0,10.0,680.0,19,17.22,0.004688518287565581
232,100.0,10.0,1883.74,53,23.44,0.004219666458809023
233,100.0,10.0,250.0,2,17.26,0.039383553615550876
234,100.0,10.0,753.4,7,18.65,0.0
235,100.0,10.0,15.0,0,18.45,0.0
236,100.0,2.0,893.58,15,18.44,0.0
237,100.0,2.0,1700.7,43,18.42,0.0
238,100.0,2.0,92.4,2,18.49,0.0
239,100.0,2.0,753.4,7,18.43,0.0
240,100.0,2.25,15.0,0,18.45,0.0
241,100.0,2.25,893.58,15,21.23,0.0
242,120.0,2.25,1700.7,43,21.23,0.0
243,120.0,2.25,92.4,2,21.21,0.0
244,120.0,2.4,753.4,7,21.24,0.0
245,120.0,2.4,15.0,0,21.14,0.0
246,120.0,2.4,893.58,15,21.03,0.0
247,120.0,2.4,1700.7,43,23.71,0.0
248,120.0,2.1,92.4,2,20.0,0.0
249,120.0,2.1,753.4,7,23.75,0.0
250,120.0,2.1,15.0,0,23.53,0.0
251,120.0,2.1,893.58,15,23.76,0.0
252,120.0,2.8,1700.7,43,23.6,0.0
253,120.0,2.8,92.4,2,23.81,0.0
254,100.0,2.8,753.4,7,23.77,0.02564102564102564
255,100.0,2.8,15.0,0,24.04,0.02564102564102564
256,120.0,3.3,893.58,15,23.81,0.02564102564102564
257,120.0,3.3,1700.7,43,23.7,0.02564102564102564
258,120.0,3.3,92.4,2,23.81,0.02564102564102564
259,120.0,3.3,100.0,0,23.81,0.02564102564102564
260,120.0,3.5,150.0,1,23.73,0.02564102564102564
261,120.0,3.5,150.0,1,23.81,0.02564102564102564
262,120.0,3.5,150.0,2,3.78,0.02564102564102564
263,120.0,3.5,150.0,3,3.88,0.02564102564102564
264,120.0,3.8,150.0,4,4.08,0.0015300947784422762
265,120.0,3.8,750.0,22,4.0,0.0015300947784422762
266,120.0,3.8,100.0,0,4.57,0.0015300947784422762
267,120.0,3.8,150.0,1,4.75,0.0015300947784422762
268,120.0,4.0,150.0,1,4.44,0.0015300947784422762
269,120.0,4.0,150.0,2,5.26,0.0015300947784422762
270,130.0,4.0,150.0,3,4.77,0.002105098548684915
271,120.0,4.0,150.0,4,4.41,0.002105098548684915
272,120.0,4.2,750.0,22,4.85,0.002105098548684915
273,120.0,4.2,100.0,0,5.78,0.002105098548684915
274,120.0,4.2,150.0,1,5.49,0.002105098548684915
275,120.0,4.2,150.0,1,5.52,0.002105098548684915
276,120.0,8.0,150.0,2,5.6,0.002105098548684915
277,120.0,8.0,150.0,3,5.67,0.0
278,120.0,8.0,150.0,4,5.6,0.0
279,130.0,8.0,750.0,22,7.58,0.0
280,130.0,8.0,100.0,0,7.59,0.0
281,130.0,8.0,150.0,1,7.37,0.0
282,130.0,8.0,150.0,1,7.5,0.0029079347847158947
283,100.0,8.0,150.0,2,7.57,0.004846557974526491
284,100.0,7.0,150.0,3,7.22,0.004846557974526491
285,100.0,7.0,150.0,4,8.75,0.03586452901149604
286,100.0,7.0,750.0,22,9.26,0.006
287,100.0,7.0,100.0,0,9.45,0.012
288,100.0,6.0,150.0,1,9.43,0.001167160764723733
289,100.0,6.0,150.0,1,10.0,0.001167160764723733
290,100.0,6.0,150.0,2,10.41,0.001167160764723733
291,100.0,6.0,150.0,3,10.72,0.002334321529447466
292,140.0,5.0,150.0,4,11.74,0.002334321529447466
293,140.0,5.0,750.0,22,11.9,0.002334321529447466
294,100.0,5.0,100.0,0,12.0,0.003112428705929955
295,110.0,5.0,150.0,1,11.63,0.003112428705929955
296,110.0,5.0,150.0,1,11.62,0.003112428705929955
297,110.0,5.0,150.0,2,11.96,0.02412132247095715
298,100.0,5.0,150.0,3,11.72,0.02412132247095715
299,100.0,5.0,150.0,4,13.91,0.02412132247095715
300,100.0,1.028,750.0,22,13.78,0.0023529411764705885
301,100.0,1.028,100.0,0,14.11,0.0023529411764705885
302,100.0,1.028,150.0,1,14.07,0.0023529411764705885
303,100.0,1.028,150.0,1,13.89,0.001335612779143071
304,100.0,1.028,150.0,2,14.09,0.002226021298571785
305,100.0,1.096,150.0,3,14.09,0.002671225558286142
306,100.0,1.096,150.0,4,16.56,0.026712255582861416
307,100.0,1.096,750.0,22,16.59,0.0017543859649122805
308,100.0,1.096,30.0,0,16.36,0.0017543859649122805
309,120.0,1.096,378.5,6,16.57,0.0017543859649122805
310,120.0,1.17,10.0,0,12.08,0.0017543859649122805
311,120.0,1.17,43.6,0,16.5,0.0
312,120.0,1.17,327.4,7,16.57,0.0
313,120.0,1.17,73.05,1,17.26,0.0
314,60.0,1.17,19.0,0,17.05,0.0
315,100.0,1.246,340.0,8,17.26,0.0
316,100.0,1.246,1.0,0,17.25,0.0
317,122.0,1.246,1.0,0,17.27,0.0
318,122.0,1.246,7.0,0,17.22,0.0
319,122.0,1.246,25.0,0,23.44,0.0
320,122.0,1.328,76.0,1,17.26,0.0
321,122.0,1.328,76.0,1,18.65,0.0
322,120.0,1.328,1.0,0,18.45,0.0
323,120.0,1.328,378.5,6,18.44,0.0017217630853994489
324,100.0,1.328,10.0,0,18.42,0.0
325,100.0,1.416,43.6,0,18.49,0.002066115702479339
326,100.0,1.416,327.4,7,18.43,0.0
327,100.0,1.416,73.05,1,18.45,0.0027548209366391185
328,100.0,1.416,19.0,0,21.23,0.0
329,120.0,1.416,340.0,8,21.23,0.00037450518502428666
330,120.0,1.51,1.0,0,21.21,0.0011235155550728601
331,130.0,1.51,1.0,0,21.24,0.0014980207400971466
332,130.0,1.51,7.0,0,21.14,0.0022470311101457203
333,130.0,1.51,25.0,0,21.03,0.018350754066190047
334,130.0,1.51,76.0,1,23.71,0.001
335,120.0,1.61,76.0,1,20.0,0.001
336,120.0,1.61,1.0,0,23.75,0.001
337,100.0,1.61,378.5,6,23.53,0.002
338,120.0,1.61,10.0,0,23.76,0.002
339,120.0,1.61,43.6,0,23.6,0.002
340,120.0,1.716,327.4,7,23.81,0.004
341,120.0,1.716,73.05,1,23.77,0.004
342,120.0,1.716,19.0,0,24.04,0.004
343,120.0,1.716,340.0,8,23.81,0.026
344,120.0,1.716,1.0,0,23.7,0.026
345,120.0,1.83,1.0,0,23.81,0.026
346,120.0,1.83,7.0,0,23.81,0.003508771929824561
347,120.0,1.83,25.0,0,23.73,0.003508771929824561
348,120.0,1.83,76.0,1,23.81,0.003508771929824561
349,120.0,1.83,76.0,1,3.78,0.003508771929824561
350,120.0,1.952,1.0,0,3.88,0.0
351,100.0,1.952,378.5,6,4.08,0.0
352,100.0,1.952,10.0,0,4.0,0.0
353,100.0,1.952,43.6,0,4.57,0.0
354,100.0,1.952,327.4,7,4.75,0.0
355,120.0,2.08,73.05,1,4.44,0.0
356,120.0,2.08,19.0,0,5.26,0.0
357,100.0,2.08,340.0,8,4.77,0.0
358,100.0,2.08,1.0,0,4.41,0.0015384615384615385
359,100.0,2.08,1.0,0,4.85,0.0015384615384615385
360,100.0,2.218,7.0,0,5.78,0.0015384615384615385
361,100.0,2.218,25.0,0,5.49,0.0015384615384615385
362,100.0,2.218,76.0,1,5.52,0.0015384615384615385
363,100.0,2.218,76.0,1,5.6,0.0015384615384615385
364,100.0,2.218,1.0,0,5.67,0.0
365,100.0,2.364,378.5,6,5.6,0.0
366,100.0,2.364,10.0,0,7.58,0.0
367,120.0,2.364,43.6,0,7.59,0.0
368,120.0,2.364,327.4,7,7.37,0.0
369,100.0,2.364,73.05,1,7.5,0.0
370,121.0,3.3,19.0,0,7.57,0.0023076923076923075
371,121.0,2.522,340.0,8,7.22,0.0023076923076923075
372,121.0,2.65,1.0,0,8.75,0.0023076923076923075
373,121.0,2.98,1.0,0,9.26,0.0023076923076923075
374,121.0,2.75,7.0,0,9.45,0.0023076923076923075
375,121.0,3.56,25.0,0,9.43,0.0023076923076923075
376,121.0,4.01,76.0,1,10.0,0.003076923076923077
377,130.0,3.11,76.0,1,10.41,0.003076923076923077
378,130.0,3.11,1.0,0,10.72,0.003076923076923077
379,148.0,3.0,378.5,6,11.74,0.003076923076923077
380,148.0,3.78,10.0,0,11.9,0.003076923076923077
381,148.0,4.25,43.6,0,12.0,0.003076923076923077
382,148.0,3.32,327.4,7,11.63,0.0015384615384615385
383,100.0,3.35,73.05,1,11.62,0.0015384615384615385
384,100.0,3.2,19.0,0,11.96,0.0015384615384615385
385,100.0,3.99,340.0,8,11.72,0.0015384615384615385
386,100.0,4.57,1.0,0,13.91,0.0015384615384615385
387,100.0,3.22,1.0,0,13.78,0.0015384615384615385
388,120.0,3.53,7.0,0,14.11,0.026153846153846156
389,120.0,3.34,25.0,0,14.07,0.026153846153846156
390,120.0,4.3,76.0,1,13.89,0.026153846153846156
391,120.0,5.05,76.0,1,14.09,0.026153846153846156
392,90.0,3.88,1.0,0,14.09,0.026153846153846156
393,120.0,3.84,378.5,6,16.56,0.026153846153846156
394,120.0,3.72,10.0,0,16.59,0.0
395,120.0,5.22,43.6,0,16.36,0.001768033946251768
396,120.0,4.02,327.4,7,16.57,0.001768033946251768
397,155.0,4.17,73.05,1,12.08,0.001768033946251768
398,155.0,3.77,19.0,0,16.5,0.001768033946251768
399,155.0,3.52,340.0,8,16.57,0.001768033946251768
400,155.0,3.75,1.0,0,17.26,0.001768033946251768
401,120.0,4.54,1.0,0,17.05,0.001768033946251768
402,120.0,4.54,7.0,0,17.26,0.0022918958562522917
403,120.0,3.55,25.0,0,17.25,0.0022918958562522917
404,120.0,3.702,76.0,1,17.27,0.0022918958562522917
405,90.0,3.36,76.0,1,17.22,0.0022918958562522917
406,120.0,3.702,1.0,0,23.44,0.0022918958562522917
407,100.0,4.86,378.5,6,17.26,0.0022918958562522917
408,100.0,5.84,10.0,0,18.65,0.0022918958562522917
409,100.0,4.59,43.6,0,18.45,0.0022918958562522917
410,100.0,4.63,327.4,7,18.44,0.0027272727272727275
411,130.0,4.31,73.05,1,18.42,0.0027272727272727275
412,130.0,5.23,19.0,0,18.49,0.0027272727272727275
413,100.0,6.33,340.0,8,18.43,0.0027272727272727275
414,100.0,4.91,1.0,0,18.45,0.0027272727272727275
415,100.0,4.98,1.0,0,21.23,0.0027272727272727275
416,100.0,4.68,7.0,0,21.23,0.0027272727272727275
417,100.0,5.82,25.0,0,21.21,0.0018181818181818182
418,100.0,6.83,76.0,1,21.24,0.0018181818181818182
419,120.0,5.23,76.0,1,21.14,0.0018181818181818182
420,100.0,5.22,1.0,0,21.03,0.0018181818181818182
421,100.0,5.66,378.5,6,23.71,0.0018181818181818182
422,100.0,5.85,10.0,0,20.0,0.0018181818181818182
423,100.0,7.09,43.6,0,23.75,0.0018181818181818182
424,100.0,5.55,327.4,7,23.53,0.004545454545454545
425,100.0,5.78,73.05,1,23.76,0.004545454545454545
426,135.0,5.26,19.0,0,23.6,0.004545454545454545
427,135.0,6.75,340.0,8,23.81,0.004545454545454545
428,135.0,7.67,1.0,0,23.77,0.004545454545454545
429,135.0,5.93,1.0,0,24.04,0.004545454545454545
430,135.0,6.04,7.0,0,23.81,0.004545454545454545
431,120.0,5.64,25.0,0,23.7,0.004545454545454545
432,120.0,7.12,76.0,1,23.81,0.004545454545454545
433,120.0,8.37,76.0,1,23.81,0.004545454545454545
434,100.0,6.31,1.0,0,23.73,0.004545454545454545
435,120.0,6.38,378.5,6,23.81,0.004545454545454545
436,120.0,5.93,10.0,0,3.78,0.004545454545454545
437,100.0,7.63,43.6,0,3.88,0.004545454545454545
438,100.0,8.64,327.4,7,4.08,0.025454545454545455
439,100.0,6.71,73.05,1,4.0,0.025454545454545455
440,100.0,6.79,19.0,0,4.57,0.025454545454545455
441,120.0,6.37,340.0,8,4.75,0.025454545454545455
442,120.0,8.02,1.0,0,4.44,0.025454545454545455
443,120.0,9.32,1.0,0,5.26,0.025454545454545455
444,120.0,7.2,7.0,0,4.77,0.025454545454545455
445,90.0,7.35,25.0,0,4.41,0.0019373086907667867
446,90.0,6.82,76.0,1,4.85,0.0019373086907667867
447,90.0,4.4,76.0,1,5.78,0.001162385214460072
448,90.0,54.0,1.0,0,5.49,0.001162385214460072
449,100.0,4.2,378.5,6,5.52,0.0019373086907667867
450,100.0,4.33,10.0,0,5.6,0.0019373086907667867
451,100.0,7.34,43.6,0,5.67,0.0034871556433802163
452,100.0,3.634,327.4,7,5.6,0.0034871556433802163
453,100.0,3.634,73.05,1,7.58,0.001162385214460072
454,100.0,3.634,19.0,0,7.59,0.001162385214460072
455,100.0,3.634,340.0,8,7.37,0.0
456,100.0,3.634,1.0,0,7.5,0.0
457,100.0,3.822,1.0,0,7.57,0.0026666666666666666
458,100.0,3.822,7.0,0,7.22,0.006666666666666667
459,100.0,3.822,25.0,0,8.75,0.0
460,120.0,3.822,76.0,1,9.26,0.018666666666666665
461,120.0,3.822,76.0,1,9.45,0.014666666666666666
462,120.0,4.096,1.0,0,9.43,0.002028660921498937
463,110.0,4.096,378.5,6,10.0,0.002028660921498937
464,110.0,4.096,10.0,0,10.41,0.002028660921498937
465,110.0,4.096,43.6,0,10.72,0.002028660921498937
466,110.0,4.096,327.4,7,11.74,0.002028660921498937
467,110.0,4.306,73.05,1,11.9,0.002028660921498937
468,110.0,4.306,19.0,0,12.0,0.009000000000000001
469,120.0,4.306,340.0,8,11.63,0.009000000000000001
470,120.0,4.306,1.0,0,11.62,0.009000000000000001
471,120.0,4.306,1.0,0,11.96,0.009510470163061334
472,130.0,5.294,7.0,0,11.72,0.009510470163061334
473,60.0,5.294,25.0,0,13.91,0.009510470163061334
474,60.0,5.294,76.0,1,13.78,0.0029037849021333745
475,100.0,5.294,76.0,1,14.11,0.006170542917033421
476,120.0,5.294,1.0,0,14.07,0.004355677353200062
477,120.0,5.628,378.5,6,13.89,0.021233927096850302
478,120.0,5.628,10.0,0,14.09,0.0
479,100.0,5.628,43.6,0,14.09,0.0
480,100.0,5.628,327.4,7,16.56,0.002181120223346711
481,100.0,5.628,73.05,1,16.59,0.002181120223346711
482,100.0,5.958,19.0,0,16.36,0.002181120223346711
483,100.0,5.958,340.0,8,16.57,0.002181120223346711
484,120.0,5.958,1.0,0,12.08,0.002181120223346711
485,100.0,5.958,1.0,0,16.5,0.002181120223346711
486,100.0,6.332,7.0,0,16.57,0.002181120223346711
487,100.0,6.332,25.0,0,17.26,0.001
488,120.0,6.332,76.0,1,17.05,0.001
489,100.0,6.332,76.0,1,17.26,0.001
490,100.0,6.332,1.0,0,17.25,0.001
491,100.0,4.556,378.5,6,17.27,0.003
492,100.0,4.556,10.0,0,17.22,0.003
493,100.0,4.556,43.6,0,23.44,0.003
494,100.0,4.556,327.4,7,17.26,0.003
495,100.0,4.556,73.05,1,18.65,0.003
496,100.0,6.662,19.0,0,18.45,0.003
497,100.0,6.662,340.0,8,18.44,0.003
498,100.0,6.662,1.0,0,18.42,0.003
499,60.0,6.662,1.0,0,18.49,0.023
500,100.0,6.662,7.0,0,18.43,0.023
501,130.0,8.89,25.0,0,18.45,0.023
502,100.0,10.99,76.0,1,21.23,0.023
503,100.0,8.5,76.0,1,21.23,0.0018181818181818182
504,100.0,8.51,1.0,0,21.21,0.0018181818181818182
505,100.0,9.03,150.0,2,21.24,0.0018181818181818182
506,100.0,5.958,615.88,7,21.14,0.0018181818181818182
507,100.0,7.324,51.04,0,21.03,0.0018181818181818182
508,220.0,7.324,1413.94,19,23.71,0.004090909090909091
509,220.0,7.324,263.8,2,20.0,0.004090909090909091
510,220.0,7.324,80.39,0,23.75,0.004090909090909091
511,120.0,7.324,615.88,7,23.53,0.004090909090909091
512,120.0,7.616,51.04,0,23.76,0.004090909090909091
513,120.0,7.616,1413.94,19,23.6,0.05
514,120.0,7.616,263.8,2,23.81,0.05
515,120.0,7.616,80.39,0,23.77,0.05
516,100.0,7.616,615.88,7,24.04,0.05
517,140.0,8.556,51.04,0,23.81,0.05
518,140.0,8.556,1413.94,19,23.7,0.0008771929824561403
519,110.0,0.0,263.8,2,23.81,0.0008771929824561403
520,110.0,8.556,80.39,0,23.81,0.0008771929824561403
521,110.0,8.556,615.88,7,23.73,0.0008771929824561403
522,110.0,6.82,51.04,0,23.81,0.0
523,110.0,6.82,1413.94,19,3.78,0.0
524,150.0,6.82,263.8,2,3.88,0.0
525,150.0,6.82,80.39,0,4.08,0.0
526,150.0,6.82,615.88,7,4.0,0.0
527,150.0,9.164,51.04,0,4.57,0.0
528,150.0,9.164,1413.94,19,4.75,0.0
529,150.0,9.164,263.8,2,4.44,0.0
530,150.0,9.164,80.39,0,5.26,0.0
531,150.0,9.164,280.86,1,4.77,0.0
532,150.0,9.502,20.0,0,4.41,0.0
533,150.0,9.502,291.72,1,4.85,0.0
534,150.0,9.502,280.86,1,5.78,0.001
535,150.0,9.502,20.0,0,5.49,0.0
536,150.0,9.502,291.72,1,5.52,0.0
537,150.0,9.846,280.86,1,5.6,0.004464285714285714
538,150.0,9.846,20.0,0,5.67,0.003
539,150.0,9.846,291.72,1,5.6,0.003
540,150.0,9.846,105.5,0,7.58,0.0007407407407407407
541,150.0,9.846,400.0,7,7.59,0.002457002457002457
542,150.0,10.152,100.0,1,7.37,0.0
543,150.0,10.152,400.0,7,7.5,0.0045045045045045045
544,100.0,10.152,100.0,1,7.57,0.0
545,120.0,10.152,123.0,0,7.22,0.004914004914004914
546,120.0,10.152,216.0,1,8.75,0.0
547,120.0,10.436,43.0,0,9.26,0.0016666666666666668
548,120.0,10.436,500.0,8,9.45,0.0016666666666666668
549,120.0,10.436,123.0,0,9.43,0.0016666666666666668
550,120.0,10.436,216.0,1,10.0,0.0016666666666666668
551,100.0,10.436,43.0,0,10.41,0.0016666666666666668
552,100.0,13.61,500.0,8,10.72,0.0016666666666666668
553,100.0,15.97,123.0,0,11.74,0.0016666666666666668
554,100.0,12.39,216.0,1,11.9,0.0016666666666666668
555,100.0,11.61,43.0,0,12.0,0.0016666666666666668
556,100.0,10.98,500.0,8,11.63,0.0016666666666666668
557,100.0,11.17,123.0,0,11.62,0.0016666666666666668
558,140.0,11.17,216.0,1,11.96,0.0016666666666666668
559,100.0,11.17,43.0,0,11.72,0.004166666666666667
560,100.0,11.17,500.0,8,13.91,0.004166666666666667
561,100.0,11.17,276.5,3,13.78,0.004166666666666667
562,100.0,10.71,392.6,5,14.11,0.004166666666666667
563,100.0,10.71,436.0,8,14.07,0.004166666666666667
564,100.0,10.71,2289.75,49,13.89,0.004166666666666667
565,100.0,10.71,276.5,3,14.09,0.004166666666666667
566,100.0,10.71,392.6,5,14.09,0.004166666666666667
567,100.0,10.568,436.0,8,16.56,0.004166666666666667
568,100.0,10.568,2289.75,49,16.59,0.004166666666666667
569,100.0,10.568,276.5,3,16.36,0.004166666666666667
570,100.0,10.568,392.6,5,16.57,0.004166666666666667
571,120.0,10.568,436.0,8,12.08,0.005833333333333334
572,100.0,11.972,2289.75,49,16.5,0.005833333333333334
573,100.0,11.972,276.5,3,16.57,0.005833333333333334
574,100.0,11.972,392.6,5,17.26,0.005833333333333334
575,100.0,11.972,436.0,8,17.05,0.005833333333333334
576,100.0,11.972,2289.75,49,17.26,0.005833333333333334
577,100.0,11.448,244.01,3,17.25,0.005833333333333334
578,150.0,11.448,439.5,7,17.27,0.005833333333333334
579,150.0,11.448,177.0,3,17.22,0.005833333333333334
580,150.0,0.0,183.85,3,23.44,0.005833333333333334
581,150.0,0.0,702.5,13,17.26,0.005833333333333334
582,150.0,6.978,462.4,9,18.65,0.005833333333333334
583,120.0,6.978,660.0,12,18.45,0.008333333333333333
584,120.0,6.978,711.1,13,18.44,0.008333333333333333
585,120.0,6.978,244.01,3,18.42,0.008333333333333333
586,120.0,6.978,439.5,7,18.49,0.008333333333333333
587,100.0,11.162,177.0,3,18.43,0.008333333333333333
588,60.0,11.162,183.85,3,18.45,0.008333333333333333
589,150.0,11.162,702.5,13,21.23,0.008333333333333333
590,150.0,11.162,462.4,9,21.23,0.008333333333333333
591,150.0,11.162,660.0,12,21.21,0.008333333333333333
592,150.0,13.03,711.1,13,21.24,0.008333333333333333
593,150.0,13.03,244.01,3,21.14,0.008333333333333333
594,150.0,13.03,439.5,7,21.03,0.008333333333333333
595,150.0,13.03,177.0,3,23.71,0.006666666666666667
596,150.0,13.03,183.85,3,20.0,0.006666666666666667
597,150.0,13.282,702.5,13,23.75,0.006666666666666667
598,150.0,13.282,462.4,9,23.53,0.006666666666666667
599,150.0,13.282,660.0,12,23.76,0.006666666666666667
600,150.0,13.282,711.1,13,23.6,0.006666666666666667
601,150.0,13.282,244.01,3,23.81,0.006666666666666667
602,150.0,14.09,439.5,7,23.77,0.006666666666666667
603,150.0,20.39,177.0,3,24.04,0.006666666666666667
604,150.0,13.98,183.85,3,23.81,0.006666666666666667
605,150.0,15.86,702.5,13,23.7,0.006666666666666667
606,150.0,11.634,462.4,9,23.81,0.006666666666666667
607,150.0,13.374,660.0,12,23.81,0.005833333333333334
608,150.0,13.374,711.1,13,23.73,0.005833333333333334
609,100.0,13.374,244.01,3,23.81,0.005833333333333334
610,100.0,13.374,439.5,7,3.78,0.005833333333333334
611,100.0,13.374,177.0,3,3.88,0.005833333333333334
612,100.0,14.0,183.85,3,4.08,0.005833333333333334
613,120.0,14.0,702.5,13,4.0,0.005833333333333334
614,120.0,14.0,462.4,9,4.57,0.005833333333333334
615,120.0,14.0,660.0,12,4.75,0.005833333333333334
616,120.0,14.0,711.1,13,4.44,0.005833333333333334
617,120.0,14.3,244.01,3,5.26,0.005833333333333334
618,120.0,14.3,439.5,7,4.77,0.005833333333333334
619,120.0,14.3,177.0,3,4.41,0.0020868222392646037
620,100.0,14.3,183.85,3,4.85,0.0020868222392646037
621,100.0,14.3,702.5,13,5.78,0.0020868222392646037
622,150.0,14.548,462.4,9,5.49,0.0020868222392646037
623,120.0,14.548,660.0,12,5.52,0.0020868222392646037
624,120.0,14.548,711.1,13,5.6,0.0020868222392646037
625,120.0,14.548,244.01,3,5.67,0.0034266198869596174
626,120.0,14.548,439.5,7,5.6,0.0070436075454169906
627,120.0,14.79,177.0,3,7.58,0.012754640690349688
628,100.0,14.79,183.85,3,7.59,0.001796550622804216
629,100.0,14.79,702.5,13,7.37,0.001796550622804216
630,120.0,14.79,462.4,9,7.5,0.001796550622804216
631,120.0,14.79,660.0,12,7.57,0.001796550622804216
632,120.0,15.026,711.1,13,7.22,0.001796550622804216
633,120.0,15.026,244.01,3,8.75,0.001796550622804216
634,120.0,15.026,439.5,7,9.26,0.001796550622804216
635,120.0,15.026,177.0,3,9.45,0.0017217630853994489
636,90.0,15.026,183.85,3,9.43,0.0
637,130.0,12.16,702.5,13,10.0,0.0030991735537190084
638,130.0,12.16,462.4,9,10.41,0.0
639,130.0,0.0,660.0,12,10.72,0.0034435261707988977
640,130.0,0.0,711.1,13,11.74,0.0006887052341597796
641,130.0,0.0,500.0,4,11.9,0.0015999999999999999
642,120.0,3.608,240.0,2,12.0,0.0015999999999999999
643,120.0,3.608,500.0,5,11.63,0.0015999999999999999
644,120.0,3.608,430.0,5,11.62,0.0015999999999999999
645,120.0,3.608,266.0,3,11.96,0.0015999999999999999
646,120.0,3.608,600.0,9,11.72,0.0015999999999999999
647,120.0,12.156,500.0,5,13.91,0.0048000000000000004
648,120.0,12.156,430.0,5,13.78,0.0048000000000000004
649,90.0,12.156,266.0,3,14.11,0.0048000000000000004
650,90.0,12.156,600.0,9,14.07,0.0048000000000000004
651,90.0,12.156,500.0,5,13.89,0.0048000000000000004
652,120.0,18.89,430.0,5,14.09,0.0048000000000000004
653,105.0,23.89,266.0,3,14.09,0.0
654,100.0,18.65,600.0,9,16.56,0.0
655,100.0,17.98,500.0,5,16.59,0.0
656,120.0,18.49,430.0,5,16.36,0.0
657,120.0,20.2,266.0,3,16.57,0.0
658,60.0,24.21,600.0,9,12.08,0.0
659,60.0,18.89,95.0,0,16.5,0.0072
660,60.0,19.1,271.0,2,16.57,0.0072
661,60.0,17.91,18.5,0,17.26,0.0072
662,60.0,20.31,271.0,2,17.05,0.0072
663,60.0,24.84,18.5,0,17.26,0.0072
664,60.0,19.15,2414.0,35,17.25,0.0072
665,60.0,19.21,30.0,0,17.27,0.0
666,100.0,18.15,2414.0,35,17.22,0.0
667,100.0,21.16,30.0,0,23.44,0.0
668,122.0,24.9,298.0,3,17.26,0.0
669,122.0,19.7,162.2,1,18.65,0.0
670,122.0,19.7,455.2,5,18.45,0.0
671,122.0,18.19,384.42,4,18.44,0.016
672,122.0,20.91,261.0,2,18.42,0.016
673,122.0,19.7,295.25,3,18.49,0.016
674,122.0,24.93,298.0,3,18.43,0.016
675,122.0,19.94,162.2,1,18.45,0.016
676,122.0,18.7,455.2,5,21.23,0.016
677,122.0,21.14,384.42,4,21.23,0.0085
678,100.0,25.59,261.0,2,21.21,0.0085
679,100.0,19.91,295.25,3,21.24,0.0025
680,100.0,17.81,298.0,3,21.14,0.0025
681,100.0,17.17,162.2,1,21.03,0.0025
682,100.0,21.58,455.2,5,23.71,0.005553927680201014
683,100.0,25.87,384.42,4,20.0,0.00019151474759313838
684,100.0,20.12,261.0,2,23.75,0.00038302949518627676
685,100.0,20.4,295.25,3,23.53,0.0
686,100.0,19.12,298.0,3,23.76,0.00019151474759313838
687,100.0,21.97,162.2,1,23.6,0.002681206466303938
688,120.0,26.39,455.2,5,23.81,0.0
689,100.0,20.43,384.42,4,23.77,0.0
690,120.0,20.04,261.0,2,24.04,0.0
691,120.0,19.54,295.25,3,23.81,0.0
692,120.0,21.81,298.0,3,23.7,0.0
693,120.0,26.29,162.2,1,23.81,0.0
694,120.0,20.63,455.2,5,23.81,0.0
695,130.0,20.77,384.42,4,23.73,0.004
696,100.0,19.36,261.0,2,23.81,0.004
697,100.0,22.23,295.25,3,3.78,0.004
698,100.0,26.96,298.0,3,3.88,0.004
699,100.0,20.86,162.2,1,4.08,0.004
700,100.0,21.36,455.2,5,4.0,0.004
701,100.0,19.82,384.42,4,4.57,0.004
702,100.0,20.13,261.0,2,4.75,0.002231527013648831
703,100.0,27.51,295.25,3,4.44,0.002231527013648831
704,100.0,21.12,40.0,0,5.26,0.002231527013648831
705,100.0,21.13,561.36,3,4.77,0.002231527013648831
706,100.0,19.6,741.27,6,4.41,0.002231527013648831
707,100.0,18.562,28.17,0,4.85,0.002231527013648831
708,100.0,18.562,1385.67,13,5.78,0.002231527013648831
709,100.0,18.562,46.72,0,5.49,0.002231527013648831
710,100.0,18.562,561.36,3,5.52,0.0023529411764705885
711,100.0,18.562,741.27,6,5.6,0.0023529411764705885
712,100.0,18.762,28.17,0,5.67,0.0023529411764705885
713,100.0,18.762,1385.67,13,5.6,0.0
714,100.0,18.762,46.72,0,7.58,0.0017354332075144258
715,100.0,18.762,561.36,3,7.59,0.0
716,100.0,18.762,741.27,6,7.37,0.0039047247169074584
717,100.0,18.668,28.17,0,7.5,0.0
718,100.0,18.668,1385.67,13,7.57,0.004338583018786064
719,100.0,18.668,46.72,0,7.22,0.0
720,100.0,18.668,561.36,3,8.75,0.0
721,100.0,18.668,741.27,6,9.26,0.0024104683195592287
722,140.0,18.866,28.17,0,9.45,0.0
723,120.0,18.866,1385.67,13,9.43,0.0034435261707988977
724,120.0,18.866,46.72,0,10.0,0.0
725,100.0,18.866,561.36,3,10.41,0.004132231404958678
726,100.0,18.866,741.27,6,10.72,0.0003443526170798898
727,100.0,19.062,28.17,0,11.74,0.0
728,100.0,19.062,1385.67,13,11.9,0.0
729,120.0,19.062,46.72,0,12.0,0.0015488438986613565
730,120.0,19.062,920.0,14,11.63,0.0015488438986613565
731,120.0,19.062,105.5,1,11.62,0.0015488438986613565
732,120.0,19.254,800.0,9,11.96,0.0015488438986613565
733,120.0,19.254,800.0,6,11.72,0.0015488438986613565
734,120.0,19.254,800.0,9,13.91,0.0015488438986613565
735,120.0,19.254,800.0,6,13.78,0.00196300820101204
736,100.0,19.254,98.0,0,14.11,0.00196300820101204
737,100.0,12.27,103.0,1,14.07,0.00196300820101204
738,120.0,12.27,273.7,4,13.89,0.00196300820101204
739,120.0,12.27,35.1,0,14.09,0.00196300820101204
740,140.0,0.0,10.0,0,14.09,0.00196300820101204
741,90.0,0.0,98.0,0,16.56,0.00196078431372549
742,90.0,0.0,103.0,1,16.59,0.00196078431372549
743,90.0,0.0,273.7,4,16.36,0.00196078431372549
744,90.0,0.0,35.1,0,16.57,0.0
745,120.0,3.864,10.0,0,12.08,0.0
746,120.0,3.864,98.0,0,16.5,0.0
747,120.0,16.23,103.0,1,16.57,0.00125
748,105.0,16.23,273.7,4,17.26,0.004166666666666667
749,105.0,16.23,35.1,0,17.05,0.0
750,105.0,16.23,10.0,0,17.26,0.001053740779768177
751,120.0,16.23,98.0,0,17.25,0.001053740779768177
752,100.0,23.03,103.0,1,17.27,0.001053740779768177
753,100.0,27.94,273.7,4,17.22,0.001053740779768177
754,100.0,21.51,35.1,0,23.44,0.001053740779768177
755,100.0,21.31,10.0,0,17.26,0.001053740779768177
756,100.0,20.14,98.0,0,18.65,0.001053740779768177
757,100.0,18.7,103.0,1,18.45,0.001053740779768177
758,100.0,3.584,273.7,4,18.44,0.001053740779768177
759,120.0,3.584,35.1,0,18.42,0.001053740779768177
760,100.0,3.584,10.0,0,18.49,0.002107481559536354
761,100.0,3.584,1250.0,8,18.43,0.002107481559536354
762,100.0,14.26,395.0,1,18.45,0.002107481559536354
763,100.0,14.26,255.0,1,21.23,0.002107481559536354
764,100.0,14.26,433.0,2,21.23,0.002107481559536354
765,100.0,14.26,512.0,4,21.21,0.002107481559536354
766,100.0,14.26,500.0,5,21.24,0.002107481559536354
767,40.0,17.758,600.0,8,21.14,0.002107481559536354
768,120.0,17.758,1000.0,14,21.03,0.002107481559536354
769,120.0,17.758,395.0,1,23.71,0.002107481559536354
770,120.0,17.758,255.0,1,20.0,0.01685985247629083
771,120.0,17.758,433.0,2,23.75,0.01685985247629083
772,100.0,17.908,512.0,4,23.53,0.01685985247629083
773,120.0,17.908,500.0,5,23.76,0.01685985247629083
774,100.0,17.908,600.0,8,23.6,0.01685985247629083
775,100.0,17.908,1000.0,14,23.81,0.01685985247629083
776,100.0,17.908,395.0,1,23.77,0.01685985247629083
777,100.0,18.054,255.0,1,24.04,0.01685985247629083
778,100.0,18.054,433.0,2,23.81,0.01685985247629083
779,100.0,18.054,512.0,4,23.7,0.01685985247629083
780,100.0,18.054,500.0,5,23.81,0.0011280315848843767
781,100.0,18.054,600.0,8,23.81,0.0
782,100.0,18.202,1000.0,14,23.73,0.0026320736980635457
783,100.0,18.202,395.0,1,23.81,0.0
784,100.0,18.202,255.0,1,3.78,0.006768189509306261
785,100.0,18.202,433.0,2,3.88,0.0
786,100.0,18.202,512.0,4,4.08,0.0019650380431365153
787,120.0,17.89,500.0,5,4.0,0.0019650380431365153
788,120.0,17.89,600.0,8,4.57,0.0019650380431365153
789,120.0,17.89,1000.0,14,4.75,0.0027510532603911213
790,100.0,17.89,395.0,1,4.44,0.0027510532603911213
791,100.0,17.89,255.0,1,5.26,0.0027510532603911213
792,100.0,18.046,433.0,2,4.77,0.003537068477645727
793,100.0,18.046,512.0,4,4.41,0.003537068477645727
794,100.0,18.046,500.0,5,4.85,0.003537068477645727
795,100.0,18.046,600.0,8,5.78,0.01925737282273785
796,100.0,18.046,1000.0,14,5.49,0.01925737282273785
797,100.0,27.97,395.0,1,5.52,0.01925737282273785
798,100.0,21.28,255.0,1,5.6,0.0015999999999999999
799,100.0,21.19,433.0,2,5.67,0.0013485812924803108
800,100.0,17.0,512.0,4,5.6,0.001618297550976373
801,100.0,19.03,500.0,5,7.58,0.001618297550976373
802,100.0,16.722,600.0,8,7.59,0.004045743877440932
803,100.0,16.722,1000.0,14,7.37,0.003924646781789639
804,120.0,16.722,395.0,1,7.5,0.0033333333333333335
805,100.0,16.722,255.0,1,7.57,0.0
806,100.0,16.722,433.0,2,7.22,0.0033333333333333335
807,120.0,18.154,512.0,4,8.75,0.005555555555555556
808,120.0,18.154,500.0,5,9.26,0.0
809,120.0,18.154,600.0,8,9.45,0.0
810,120.0,18.154,1000.0,14,9.43,0.0
811,100.0,18.154,70.0,0,10.0,0.0016969861525929948
812,100.0,18.656,675.9,20,10.41,0.002828310254321658
813,100.0,18.656,629.7,5,10.72,0.012444565119015295
814,100.0,18.656,22.18,0,11.74,0.0018181818181818182
815,100.0,18.656,629.7,5,11.9,0.0018181818181818182
816,100.0,18.656,22.18,0,12.0,0.0018181818181818182
817,100.0,18.804,50.0,0,11.63,0.0018181818181818182
818,100.0,18.804,460.14,3,11.62,0.0018181818181818182
819,100.0,18.804,16.19,0,11.96,0.0018181818181818182
820,100.0,18.804,1842.75,16,11.72,0.0018181818181818182
821,100.0,18.804,109.31,0,13.91,0.0018181818181818182
822,120.0,19.08,460.14,3,13.78,0.0018181818181818182
823,120.0,19.08,16.19,0,14.11,0.0018181818181818182
824,100.0,19.08,1842.75,16,14.07,0.0018181818181818182
825,100.0,19.08,109.31,0,13.89,0.0018181818181818182
826,100.0,19.08,460.14,3,14.09,0.0018181818181818182
827,40.0,19.234,16.19,0,14.09,0.0018181818181818182
828,100.0,19.234,1842.75,16,16.56,0.0018181818181818182
829,100.0,19.234,109.31,0,16.59,0.0018181818181818182
830,100.0,19.234,460.14,3,16.36,0.0018181818181818182
831,100.0,1.52,16.19,0,16.57,0.0018181818181818182
832,100.0,27.14,1842.75,16,12.08,0.0036363636363636364
833,100.0,21.11,109.31,0,16.5,0.0036363636363636364
834,120.0,21.16,250.0,1,16.57,0.0036363636363636364
835,120.0,20.11,451.0,3,17.26,0.0036363636363636364
836,120.0,18.36,478.0,5,17.05,0.0036363636363636364
837,120.0,18.36,330.0,7,17.26,0.0036363636363636364
838,120.0,18.36,450.0,10,17.25,0.0036363636363636364
839,120.0,18.36,451.0,3,17.27,0.0036363636363636364
840,150.0,18.36,478.0,5,17.22,0.0036363636363636364
841,150.0,22.71,330.0,7,23.44,0.023636363636363636
842,150.0,27.56,450.0,10,17.26,0.023636363636363636
843,150.0,21.74,451.0,3,18.65,0.023636363636363636
844,150.0,21.49,478.0,5,18.45,0.023636363636363636
845,150.0,20.57,330.0,7,18.44,0.023636363636363636
846,150.0,18.858,450.0,10,18.42,0.023636363636363636
847,150.0,18.858,451.0,3,18.49,0.023636363636363636
848,150.0,18.858,478.0,5,18.43,0.023636363636363636
849,150.0,18.858,330.0,7,18.45,0.023636363636363636
850,150.0,18.858,450.0,10,21.23,0.0006666666666666666
851,150.0,18.632,386.0,1,21.23,0.0006666666666666666
852,120.0,18.632,716.0,14,21.21,0.0006666666666666666
853,130.0,18.632,140.0,2,21.24,0.0006666666666666666
854,130.0,18.632,716.0,14,21.14,0.0006666666666666666
855,122.0,18.632,140.0,2,21.03,0.0006666666666666666
856,122.0,18.988,354.5,2,23.71,0.0006666666666666666
857,122.0,18.988,590.77,4,20.0,0.0006666666666666666
858,122.0,18.988,354.5,2,23.75,0.0006666666666666666
859,122.0,12.43,590.77,4,23.53,0.0006666666666666666
860,122.0,12.43,900.0,16,23.76,0.0006666666666666666
861,100.0,12.43,61.55,0,23.6,0.002
862,100.0,12.43,572.75,4,23.81,0.002
863,100.0,12.43,61.55,0,23.77,0.002
864,100.0,12.978,572.75,4,24.04,0.002
865,100.0,12.978,200.0,1,23.81,0.002
866,100.0,12.978,190.0,1,23.7,0.002
867,100.0,12.978,200.0,1,23.81,0.002
868,100.0,12.978,190.0,1,23.81,0.002
869,120.0,19.384,135.0,0,23.73,0.002
870,90.0,19.384,100.0,0,23.81,0.002
871,120.0,19.384,135.0,0,3.78,0.002
872,238.0,19.384,100.0,0,3.88,0.022666666666666665
873,120.0,19.384,222.6,1,4.08,0.022666666666666665
874,120.0,19.514,413.55,4,4.0,0.022666666666666665
875,120.0,19.514,494.74,7,4.57,0.022666666666666665
876,120.0,19.514,410.92,7,4.75,0.022666666666666665
877,120.0,19.514,2464.66,58,4.44,0.022666666666666665
878,120.0,19.514,222.6,1,5.26,0.022666666666666665
879,120.0,2.522,413.55,4,4.77,0.022666666666666665
880,120.0,2.522,494.74,7,4.41,0.022666666666666665
881,100.0,2.522,410.92,7,4.85,0.022666666666666665
882,100.0,2.522,2464.66,58,5.78,0.022666666666666665
883,100.0,2.688,222.6,1,5.49,0.0011111111111111111
884,100.0,2.688,413.55,4,5.52,0.0022222222222222222
885,100.0,2.688,494.74,7,5.6,0.002777777777777778
886,100.0,2.688,410.92,7,5.67,0.02
887,100.0,2.688,2464.66,58,5.6,0.0014285714285714286
888,130.0,2.866,222.6,1,7.58,0.0014285714285714286
889,130.0,2.866,413.55,4,7.59,0.0014285714285714286
890,130.0,2.866,494.74,7,7.37,0.0014285714285714286
891,130.0,2.866,410.92,7,7.5,0.0014285714285714286
892,130.0,2.866,2464.66,58,7.57,0.0014285714285714286
893,120.0,3.056,222.6,1,7.22,0.0014285714285714286
894,120.0,3.056,413.55,4,8.75,0.002857142857142857
895,120.0,3.056,494.74,7,9.26,0.002857142857142857
896,120.0,3.056,410.92,7,9.45,0.002857142857142857
897,120.0,3.056,2464.66,58,9.43,0.002857142857142857
898,120.0,3.258,295.29,2,10.0,0.002857142857142857
899,120.0,3.258,138.0,1,10.41,0.002857142857142857
900,100.0,3.258,82.76,0,10.72,0.002857142857142857
901,100.0,3.258,295.29,2,11.74,0.03571428571428571
902,100.0,3.258,138.0,1,11.9,0.03571428571428571
903,100.0,3.474,82.76,0,12.0,0.03571428571428571
904,100.0,3.474,295.29,2,11.63,0.03571428571428571
905,100.0,3.474,138.0,1,11.62,0.03571428571428571
906,100.0,3.474,82.76,0,11.96,0.03571428571428571
907,100.0,3.474,450.0,6,11.72,0.03571428571428571
908,100.0,3.702,1145.39,8,13.91,0.0013333333333333333
909,100.0,3.702,52.0,0,13.78,0.0013333333333333333
910,100.0,3.702,1031.5,15,14.11,0.0013333333333333333
911,120.0,3.948,19.94,0,14.07,0.0013333333333333333
912,55.0,3.948,1920.7,30,13.89,0.0013333333333333333
913,100.0,3.948,114.62,1,14.09,0.002
914,140.0,3.948,1031.5,15,14.09,0.002
915,140.0,3.948,19.94,0,16.56,0.002
916,100.0,4.208,1920.7,30,16.59,0.002
917,100.0,4.208,114.62,1,16.36,0.002
918,100.0,4.208,1031.5,15,16.57,0.0033333333333333335
919,100.0,4.208,19.94,0,12.08,0.0033333333333333335
920,100.0,4.208,1920.7,30,16.5,0.0033333333333333335
921,100.0,4.488,114.62,1,16.57,0.0033333333333333335
922,100.0,4.488,1031.5,15,17.26,0.0033333333333333335
923,100.0,4.488,19.94,0,17.05,0.02666666666666667
924,100.0,4.488,1920.7,30,17.26,0.02666666666666667
925,100.0,4.488,114.62,1,17.25,0.02666666666666667
926,100.0,4.784,60.0,0,17.27,0.02666666666666667
927,100.0,4.784,170.0,1,17.22,0.02666666666666667
928,100.0,4.784,308.5,2,23.44,0.0014100394811054709
929,100.0,4.784,600.0,7,17.26,0.0
930,100.0,4.784,110.0,0,18.65,0.003760105282947922
931,100.0,5.1,110.0,1,18.45,0.0
932,120.0,5.1,668.84,6,18.44,0.004230118443316413
933,120.0,5.1,649.35,8,18.42,0.0
934,100.0,5.1,97.75,1,18.49,0.0
935,100.0,5.1,593.55,8,18.43,0.0
936,121.0,5.438,123.3,0,18.45,0.0019913707268503153
937,121.0,5.438,110.0,1,21.23,0.0019913707268503153
938,121.0,5.438,668.84,6,21.23,0.0019913707268503153
939,121.0,5.438,649.35,8,21.21,0.0019913707268503153
940,121.0,5.438,97.75,1,21.24,0.0019913707268503153
941,121.0,5.798,593.55,8,21.14,0.0019913707268503153
942,100.0,5.798,123.3,0,21.03,0.0019913707268503153
943,100.0,5.798,110.0,1,23.71,0.0015999999999999999
944,100.0,5.798,668.84,6,20.0,0.0015999999999999999
945,90.0,5.798,649.35,8,23.75,0.0015999999999999999
946,120.0,6.18,97.75,1,23.53,0.0015999999999999999
947,120.0,6.18,593.55,8,23.76,0.0015999999999999999
948,120.0,6.18,123.3,0,23.6,0.0015999999999999999
949,120.0,6.18,110.0,1,23.81,0.0056
950,120.0,6.18,668.84,6,23.77,0.0056
951,120.0,6.59,649.35,8,24.04,0.0056
952,120.0,6.59,97.75,1,23.81,0.0056
953,120.0,6.59,593.55,8,23.7,0.0056
954,120.0,6.59,123.3,0,23.81,0.0056
955,120.0,6.59,110.0,1,23.81,0.009600000000000001
956,120.0,6.998,668.84,6,23.73,0.009600000000000001
957,130.0,6.998,649.35,8,23.81,0.009600000000000001
958,130.0,6.998,97.75,1,3.78,0.009600000000000001
959,120.0,6.998,593.55,8,3.88,0.009600000000000001
960,120.0,6.998,123.3,0,4.08,0.009600000000000001
961,121.0,8.556,110.0,1,4.0,0.019200000000000002
962,121.0,10.788,668.84,6,4.57,0.019200000000000002
963,121.0,10.788,649.35,8,4.75,0.019200000000000002
964,121.0,10.788,97.75,1,4.44,0.019200000000000002
965,121.0,10.788,593.55,8,5.26,0.019200000000000002
966,121.0,10.788,123.3,0,4.77,0.019200000000000002
967,100.0,11.448,56.9,0,4.41,
968,100.0,11.448,98.3,0,4.85,
969,100.0,11.634,52.0,0,5.78,
970,120.0,11.634,56.9,0,5.49,
971,120.0,11.634,98.3,0,5.52,
972,130.0,11.634,52.0,0,5.6,
973,130.0,12.16,56.9,0,5.67,
974,130.0,12.16,98.3,0,5.6,
975,130.0,12.16,52.0,0,7.58,
976,100.0,15.938,250.0,0,7.59,
977,100.0,15.938,250.0,1,7.37,
978,100.0,15.938,300.0,2,7.5,
979,120.0,15.938,250.0,0,7.57,
980,120.0,15.938,250.0,1,7.22,
981,120.0,16.178,300.0,2,8.75,
982,120.0,16.178,250.0,0,9.26,
983,120.0,16.178,250.0,1,9.45,
984,120.0,16.178,300.0,2,9.43,
985,120.0,16.178,361.73,2,10.0,
986,110.0,16.414,688.03,4,10.41,
987,110.0,16.414,122.44,0,10.72,
988,110.0,16.414,361.73,2,11.74,
989,90.0,16.414,688.03,4,11.9,
990,90.0,16.414,122.44,0,12.0,
991,90.0,16.644,361.73,2,11.63,
992,90.0,16.644,688.03,4,11.62,
993,90.0,16.644,122.44,0,11.96,
994,90.0,16.644,310.0,1,11.72,
995,90.0,16.644,0.92,0,13.91,
996,100.0,16.87,1.67,0,13.78,
997,100.0,16.87,2.29,0,14.11,
998,100.0,16.87,2.58,0,14.07,
999,100.0,16.87,2.44,0,13.89,
1000,100.0,16.87,2.74,0,14.09,
1001,100.0,17.09,2.94,0,14.09,
1002,100.0,17.09,865.8,16,16.56,
1003,100.0,17.09,36.85,0,16.59,
1004,100.0,17.09,10.0,0,16.36,
1005,100.0,17.09,1.6,0,16.57,
1006,120.0,16.702,0.92,0,12.08,
1007,120.0,16.702,1.67,0,16.5,
1008,120.0,16.702,2.29,0,16.57,
1009,135.0,16.702,2.58,0,17.26,
1010,135.0,16.702,2.44,0,17.05,
1011,135.0,17.504,2.74,0,17.26,
1012,135.0,17.504,2.94,0,17.25,
1013,100.0,17.504,865.8,16,17.27,
1014,120.0,17.504,36.85,0,17.22,
1015,120.0,17.504,10.0,0,23.44,
1016,120.0,17.938,1.6,0,17.26,
1017,120.0,17.938,0.92,0,18.65,
1018,120.0,17.938,1.67,0,18.45,
1019,120.0,17.938,2.29,0,18.44,
1020,120.0,17.938,2.58,0,18.42,
1021,130.0,18.15,2.44,0,18.49,
1022,130.0,18.15,2.74,0,18.43,
1023,150.0,18.15,2.94,0,18.45,
1024,150.0,18.15,865.8,16,21.23,
1025,150.0,18.15,36.85,0,21.23,
1026,150.0,18.008,10.0,0,21.21,
1027,150.0,18.008,1.6,0,21.24,
1028,150.0,18.008,0.92,0,21.14,
1029,150.0,18.008,1.67,0,21.03,
1030,150.0,18.008,2.29,0,23.71,
1031,150.0,12.27,2.58,0,20.0,
1032,150.0,12.27,2.44,0,23.75,
1033,150.0,3.864,2.74,0,23.53,
1034,150.0,3.864,2.94,0,23.76,
1035,100.0,3.864,865.8,16,23.6,
1036,120.0,17.724,36.85,0,23.81,
1037,120.0,17.724,10.0,0,23.77,
1038,120.0,17.724,1.6,0,24.04,
1039,120.0,17.724,0.92,0,23.81,
1040,120.0,17.724,1.67,0,23.7,
1041,130.0,18.7,2.29,0,23.81,
1042,130.0,18.7,2.58,0,23.81,
1043,120.0,18.7,2.44,0,23.73,
1044,120.0,18.7,2.74,0,23.81,
1045,120.0,3.584,2.94,0,3.78,
1046,120.0,18.202,865.8,16,3.88,
1047,120.0,18.202,36.85,0,4.08,
1048,120.0,18.202,10.0,0,4.0,
1049,100.0,18.202,1.6,0,4.57,
1050,100.0,18.202,0.92,0,4.75,
1051,140.0,19.234,1.67,0,4.44,
1052,140.0,19.386,2.29,0,5.26,
1053,140.0,19.386,2.58,0,4.77,
1054,100.0,19.386,2.44,0,4.41,
1055,100.0,19.386,2.74,0,4.85,
1056,100.0,19.386,2.94,0,5.78,
1057,140.0,18.498,865.8,16,5.49,
1058,140.0,18.498,36.85,0,5.52,
1059,140.0,18.498,10.0,0,5.6,
1060,110.0,18.498,1.6,0,5.67,
1061,110.0,18.498,0.92,0,5.6,
1062,110.0,18.988,1.67,0,7.58,
1063,110.0,18.988,2.29,0,7.59,
1064,120.0,19.642,2.58,0,7.37,
1065,120.0,19.642,2.44,0,7.5,
1066,120.0,19.642,2.74,0,7.57,
1067,120.0,19.642,2.94,0,7.22,
1068,100.0,19.642,865.8,16,8.75,
1069,100.0,19.742,36.85,0,9.26,
1070,100.0,19.742,10.0,0,9.45,
1071,120.0,19.742,1.6,0,9.43,
1072,100.0,19.742,0.92,0,10.0,
1073,100.0,19.742,1.67,0,10.41,
1074,100.0,18.88,2.29,0,10.72,
1075,100.0,29.695,2.58,0,11.74,
1076,120.0,29.695,2.44,0,11.9,
1077,120.0,18.112,2.74,0,12.0,
1078,100.0,18.112,2.94,0,11.63,
1079,100.0,18.112,865.8,16,11.62,
1080,100.0,18.112,36.85,0,11.96,
1081,100.0,18.112,10.0,0,11.72,
1082,100.0,18.224,1.6,0,13.91,
1083,60.0,18.224,0.92,0,13.78,
1084,100.0,18.224,1.67,0,14.11,
1085,100.0,18.224,2.29,0,14.07,
1086,100.0,18.224,2.58,0,13.89,
1087,100.0,18.336,2.44,0,14.09,
1088,100.0,18.336,2.74,0,14.09,
1089,120.0,18.336,2.94,0,16.56,
1090,120.0,18.336,865.8,16,16.59,
1091,100.0,18.336,36.85,0,16.36,
1092,100.0,18.446,10.0,0,16.57,
1093,100.0,18.446,1.6,0,12.08,
1094,115.0,18.446,0.92,0,16.5,
1095,115.0,18.446,1.67,0,16.57,
1096,115.0,18.446,2.29,0,17.26,
1097,100.0,15.378,2.58,0,17.05,
1098,100.0,15.378,2.44,0,17.26,
1099,100.0,15.378,2.74,0,17.25,
1100,100.0,15.378,2.94,0,17.27,
1101,110.0,15.378,865.8,16,17.22,
1102,110.0,17.26,36.85,0,23.44,
1103,100.0,17.26,10.0,0,17.26,
1104,100.0,17.26,1.6,0,18.65,
1105,100.0,17.26,0.92,0,18.45,
1106,100.0,17.26,1.67,0,18.44,
1107,100.0,18.878,2.29,0,18.42,
1108,100.0,18.878,2.58,0,18.49,
1109,100.0,18.878,2.44,0,18.43,
1110,100.0,18.878,2.74,0,18.45,
1111,90.0,18.878,2.94,0,21.23,
1112,100.0,17.228,865.8,16,21.23,
1113,100.0,17.228,36.85,0,21.21,
1114,120.0,17.228,10.0,0,21.24,
1115,100.0,17.228,1.6,0,21.14,
1116,100.0,17.228,1196.0,20,21.03,
1117,100.0,16.19,5071.3,99,23.71,
1118,100.0,16.19,1196.0,20,20.0,
1119,100.0,16.19,5071.3,99,23.75,
1120,100.0,22.85,107.0,0,23.53,
1121,100.0,16.96,100.0,0,23.76,
1122,120.0,16.96,170.0,1,23.6,
1123,100.0,16.96,107.0,0,23.81,
1124,100.0,16.96,100.0,0,23.77,
1125,100.0,16.96,170.0,1,24.04,
1126,100.0,18.87,107.0,0,23.81,
1127,100.0,18.87,100.0,0,23.7,
1128,120.0,18.87,170.0,1,23.81,
1129,120.0,18.87,209.0,1,23.81,
1130,120.0,18.87,643.0,9,23.73,
1131,120.0,15.01,44.0,0,23.81,
1132,150.0,15.01,209.0,1,3.78,
1133,150.0,15.01,643.0,9,3.88,
1134,150.0,15.01,44.0,0,4.08,
1135,150.0,15.01,209.0,1,4.0,
1136,150.0,15.296,643.0,9,4.57,
1137,150.0,15.296,44.0,0,4.75,
1138,150.0,15.296,415.64,2,4.44,
1139,150.0,15.296,1026.65,14,5.26,
1140,150.0,15.296,11.32,0,4.77,
1141,150.0,18.422,0.3,0,4.41,
1142,150.0,18.422,415.64,2,4.85,
1143,150.0,18.422,1026.65,14,5.78,
1144,150.0,18.422,11.32,0,5.49,
1145,150.0,18.422,0.3,0,5.52,
1146,150.0,19.294,415.64,2,5.6,
1147,150.0,19.294,1026.65,14,5.67,
1148,150.0,19.294,11.32,0,5.6,
1149,150.0,19.294,0.3,0,7.58,
1150,150.0,19.294,415.64,2,7.59,
1151,150.0,21.095,1026.65,14,7.37,
1152,150.0,21.095,11.32,0,7.5,
1153,150.0,14.256,0.3,0,7.57,
1154,150.0,14.256,500.0,3,7.22,
1155,150.0,14.256,300.0,2,8.75,
1156,150.0,14.256,500.0,3,9.26,
1157,150.0,14.256,300.0,2,9.45,
1158,150.0,10.096,600.0,6,9.43,
1159,150.0,10.096,625.0,9,10.0,
1160,150.0,10.096,1150.0,41,10.41,
1161,150.0,10.096,350.0,12,10.72,
1162,150.0,10.096,600.0,6,11.74,
1163,150.0,9.024,625.0,9,11.9,
1164,150.0,9.024,1150.0,41,12.0,
1165,150.0,9.024,350.0,12,11.63,
1166,150.0,9.024,600.0,6,11.62,
1167,150.0,9.024,625.0,9,11.96,
1168,150.0,9.506,1150.0,41,11.72,
1169,150.0,9.506,350.0,12,13.91,
1170,150.0,9.506,600.0,6,13.78,
1171,150.0,9.506,625.0,9,14.11,
1172,150.0,9.506,1150.0,41,14.07,
1173,150.0,17.626,350.0,12,13.89,
1174,150.0,17.626,210.0,2,14.09,
1175,150.0,17.626,36.4,0,14.09,
1176,100.0,17.626,458.15,7,16.56,
1177,100.0,17.626,665.0,11,16.59,
1178,100.0,17.712,486.2,8,16.36,
1179,100.0,17.712,957.0,16,16.57,
1180,100.0,17.712,236.0,4,12.08,
1181,100.0,17.712,210.0,2,16.5,
1182,100.0,17.712,36.4,0,16.57,
1183,100.0,1.028,458.15,7,17.26,
1184,120.0,1.028,665.0,11,17.05,
1185,140.0,1.028,486.2,8,17.26,
1186,140.0,1.028,957.0,16,17.25,
1187,140.0,1.028,236.0,4,17.27,
1188,120.0,1.096,210.0,2,17.22,
1189,120.0,1.096,36.4,0,23.44,
1190,120.0,1.096,458.15,7,17.26,
1191,120.0,1.096,665.0,11,18.65,
1192,120.0,1.096,486.2,8,18.45,
1193,120.0,1.17,957.0,16,18.44,
1194,120.0,1.17,236.0,4,18.42,
1195,120.0,1.17,210.0,2,18.49,
1196,100.0,1.17,36.4,0,18.43,
1197,100.0,1.17,458.15,7,18.45,
1198,100.0,1.246,665.0,11,21.23,
